pkg,ext,url,el8.x86_64_pg14,el8.x86_64_pg15,el8.x86_64_pg16,el8.x86_64_pg17,el8.x86_64_pg18,el8.aarch64_pg14,el8.aarch64_pg15,el8.aarch64_pg16,el8.aarch64_pg17,el8.aarch64_pg18,el9.x86_64_pg14,el9.x86_64_pg15,el9.x86_64_pg16,el9.x86_64_pg17,el9.x86_64_pg18,el9.aarch64_pg14,el9.aarch64_pg15,el9.aarch64_pg16,el9.aarch64_pg17,el9.aarch64_pg18,el10.x86_64_pg14,el10.x86_64_pg15,el10.x86_64_pg16,el10.x86_64_pg17,el10.x86_64_pg18,el10.aarch64_pg14,el10.aarch64_pg15,el10.aarch64_pg16,el10.aarch64_pg17,el10.aarch64_pg18,d12.x86_64_pg14,d12.x86_64_pg15,d12.x86_64_pg16,d12.x86_64_pg17,d12.x86_64_pg18,d12.aarch64_pg14,d12.aarch64_pg15,d12.aarch64_pg16,d12.aarch64_pg17,d12.aarch64_pg18,d13.x86_64_pg14,d13.x86_64_pg15,d13.x86_64_pg16,d13.x86_64_pg17,d13.x86_64_pg18,d13.aarch64_pg14,d13.aarch64_pg15,d13.aarch64_pg16,d13.aarch64_pg17,d13.aarch64_pg18,u22.x86_64_pg14,u22.x86_64_pg15,u22.x86_64_pg16,u22.x86_64_pg17,u22.x86_64_pg18,u22.aarch64_pg14,u22.aarch64_pg15,u22.aarch64_pg16,u22.aarch64_pg17,u22.aarch64_pg18,u24.x86_64_pg14,u24.x86_64_pg15,u24.x86_64_pg16,u24.x86_64_pg17,u24.x86_64_pg18,u24.aarch64_pg14,u24.aarch64_pg15,u24.aarch64_pg16,u24.aarch64_pg17,u24.aarch64_pg18,u26.x86_64_pg14,u26.x86_64_pg15,u26.x86_64_pg16,u26.x86_64_pg17,u26.x86_64_pg18,u26.aarch64_pg14,u26.aarch64_pg15,u26.aarch64_pg16,u26.aarch64_pg17,u26.aarch64_pg18
timescaledb,timescaledb,https://pigsty.io/ext/e/timescaledb,B,G,G,G,G,.,G,G,G,G,B,G,G,G,G,.,G,G,G,G,.,G,G,G,G,.,G,G,G,G,G,G,G,G,G,G,G,G,G,G,.,G,G,G,G,.,G,G,G,G,G,G,G,G,G,G,G,G,G,G,G,G,G,G,G,G,G,G,G,G,.,G,G,G,G,.,G,G,G,G
timescaledb_toolkit,timescaledb_toolkit,https://pigsty.io/ext/e/timescaledb_toolkit,.,G,G,G,G,.,G,G,G,G,.,G,G,G,G,.,G,G,G,G,.,G,G,G,G,.,G,G,G,G,G,G,G,G,G,G,G,G,G,G,.,G,G,G,G,.,G,G,G,G,G,G,G,G,G,G,G,G,G,G,G,G,G,G,G,G,G,G,G,G,.,G,G,G,G,.,G,G,G,G
pg_timeseries,timeseries,https://pigsty.io/ext/e/timeseries,G,G,G,G,G,G,G,G,G,G,G,G,G,G,G,G,G,G,G,G,G,G,G,G,G,G,G,G,G,G,G,G,G,G,G,G,G,G,G,G,G,G,G,G,G,G,G,G,G,G,G,G,G,G,G,G,G,G,G,G,G,G,G,G,G,G,G,G,G,G,G,G,G,G,G,G,G,G,G,G
periods,periods,https://pigsty.io/ext/e/periods,G,G,G,G,G,G,G,G,G,G,G,G,G,G,G,G,G,G,G,G,G,G,G,G,G,G,G,G,G,G,B,B,B,B,B,B,B,B,B,B,B,B,B,B,B,B,B,B,B,B,B,B,B,B,B,B,B,B,B,B,B,B,B,B,B,B,B,B,B,B,B,B,B,B,B,B,B,B,B,B
temporal_tables,temporal_tables,https://pigsty.io/ext/e/temporal_tables,B,B,B,G,G,B,B,B,G,G,B,B,B,B,G,B,B,B,B,G,B,B,B,B,G,B,B,B,B,G,G,G,G,G,G,G,G,G,G,G,G,G,G,G,G,G,G,G,G,G,G,G,G,G,G,G,G,G,G,G,G,G,G,G,G,G,G,G,G,G,G,G,G,G,G,G,G,G,G,G
emaj,emaj,https://pigsty.io/ext/e/emaj,B,B,B,B,B,B,B,B,B,B,B,B,B,B,B,B,B,B,B,B,B,B,B,B,B,B,B,B,B,B,G,G,G,G,G,G,G,G,G,G,G,G,G,G,G,G,G,G,G,G,G,G,G,G,G,G,G,G,G,G,G,G,G,G,G,G,G,G,G,G,G,G,G,G,G,G,G,G,G,G
table_version,table_version,https://pigsty.io/ext/e/table_version,G,G,G,G,B,G,G,G,G,B,B,B,B,B,B,B,B,B,B,B,B,B,B,B,B,B,B,B,B,B,G,G,G,G,G,G,G,G,G,G,G,G,G,G,G,G,G,G,G,G,G,G,G,G,G,G,G,G,G,G,G,G,G,G,G,G,G,G,G,G,G,G,G,G,G,G,G,G,G,G
pg_cron,pg_cron,https://pigsty.io/ext/e/pg_cron,B,B,B,B,B,B,B,B,B,B,B,B,B,B,B,B,B,B,B,B,B,B,B,B,B,B,B,B,B,B,B,B,B,B,B,B,B,B,B,B,B,B,B,B,B,B,B,B,B,B,B,B,B,B,B,B,B,B,B,B,B,B,B,B,B,B,B,B,B,B,B,B,B,B,B,B,B,B,B,B
pg_task,pg_task,https://pigsty.io/ext/e/pg_task,G,G,G,G,G,G,G,G,G,G,G,G,G,G,G,G,G,G,G,G,G,G,G,G,G,G,G,G,G,G,G,G,G,G,G,G,G,G,G,G,G,G,G,G,G,G,G,G,G,G,G,G,G,G,G,G,G,G,G,G,G,G,G,G,G,G,G,G,G,G,G,G,G,G,G,G,G,G,G,G
pg_later,pg_later,https://pigsty.io/ext/e/pg_later,G,G,G,G,G,G,G,G,G,G,G,G,G,G,G,G,G,G,G,G,G,G,G,G,G,G,G,G,G,G,G,G,G,G,G,G,G,G,G,G,G,G,G,G,G,G,G,G,G,G,G,G,G,G,G,G,G,G,G,G,G,G,G,G,G,G,G,G,G,G,G,G,G,G,G,G,G,G,G,G
pg_dispatch,pg_dispatch,https://pigsty.io/ext/e/pg_dispatch,G,G,G,G,G,G,G,G,G,G,G,G,G,G,G,G,G,G,G,G,G,G,G,G,G,G,G,G,G,G,G,G,G,G,G,G,G,G,G,G,G,G,G,G,G,G,G,G,G,G,G,G,G,G,G,G,G,G,G,G,G,G,G,G,G,G,G,G,G,G,G,G,G,G,G,G,G,G,G,G
pg_background,pg_background,https://pigsty.io/ext/e/pg_background,B,B,B,B,B,B,B,B,B,B,B,B,B,B,B,B,B,B,B,B,B,B,B,B,B,B,B,B,B,B,B,B,B,B,B,B,B,B,B,B,B,B,B,B,B,B,B,B,B,B,B,B,B,B,B,B,B,B,B,B,B,B,B,B,B,B,B,B,B,B,B,B,B,B,B,B,B,B,B,B
pg_when,pg_when,https://pigsty.io/ext/e/pg_when,G,G,G,G,G,G,G,G,G,G,G,G,G,G,G,G,G,G,G,G,G,G,G,G,G,G,G,G,G,G,G,G,G,G,G,G,G,G,G,G,G,G,G,G,G,G,G,G,G,G,G,G,G,G,G,G,G,G,G,G,G,G,G,G,G,G,G,G,G,G,G,G,G,G,G,G,G,G,G,G
pg_stl,pg_stl,https://pigsty.io/ext/e/pg_stl,.,.,G,G,G,.,.,G,G,G,.,.,G,G,G,.,.,G,G,G,.,.,G,G,G,.,.,G,G,G,.,.,G,G,G,.,.,G,G,G,.,.,G,G,G,.,.,G,G,G,.,.,G,G,G,.,.,G,G,G,.,.,G,G,G,.,.,G,G,G,.,.,G,G,G,.,.,G,G,G
postgis,postgis,https://pigsty.io/ext/e/postgis,B,B,B,B,B,B,B,B,B,B,B,B,B,B,B,B,B,B,B,B,B,B,B,B,B,B,B,B,B,B,B,B,B,B,B,B,B,B,B,B,B,B,B,B,B,B,B,B,B,B,B,B,B,B,B,B,B,B,B,B,B,B,B,B,B,B,B,B,B,B,B,B,B,B,B,B,B,B,B,B
pgrouting,pgrouting,https://pigsty.io/ext/e/pgrouting,B,B,B,B,B,B,B,B,B,B,B,B,B,B,B,B,B,B,B,B,B,B,B,B,B,B,B,B,B,B,B,B,B,B,B,B,B,B,B,B,B,B,B,B,B,B,B,B,B,B,B,B,B,B,B,B,B,B,B,B,B,B,B,B,B,B,B,B,B,B,B,B,B,B,B,B,B,B,B,B
pointcloud,pointcloud,https://pigsty.io/ext/e/pointcloud,B,B,B,B,B,B,B,B,B,B,B,B,B,B,B,B,B,B,B,B,B,B,B,B,B,B,B,B,B,B,B,B,B,B,B,B,B,B,B,B,B,B,B,B,B,B,B,B,B,B,B,B,B,B,B,B,B,B,B,B,B,B,B,B,B,B,B,B,B,B,B,B,B,B,B,B,B,B,B,B
pg_h3,h3,https://pigsty.io/ext/e/h3,B,B,B,R,R,B,B,B,B,B,B,B,B,B,B,B,B,B,B,B,B,B,B,B,B,B,B,B,B,B,B,B,B,B,B,B,B,B,B,B,B,B,B,B,B,B,B,B,B,B,B,B,B,B,B,B,B,B,B,B,B,B,B,B,B,B,B,B,B,B,B,B,B,B,B,B,B,B,B,B
q3c,q3c,https://pigsty.io/ext/e/q3c,B,B,B,B,B,B,B,B,B,B,B,B,B,B,B,B,B,B,B,B,B,B,B,B,B,B,B,B,B,B,B,B,B,B,B,B,B,B,B,B,B,B,B,B,B,B,B,B,B,B,B,B,B,B,B,B,B,B,B,B,B,B,B,B,B,B,B,B,B,B,B,B,B,B,B,B,B,B,B,B
ogr_fdw,ogr_fdw,https://pigsty.io/ext/e/ogr_fdw,B,B,B,B,B,B,B,B,B,B,B,B,B,B,B,B,B,B,B,B,B,B,B,B,B,B,B,B,B,B,B,B,B,B,B,B,B,B,B,B,B,B,B,B,B,B,B,B,B,B,B,B,B,B,B,B,B,B,B,B,B,B,B,B,B,B,B,B,B,B,B,B,B,B,B,B,B,B,B,B
geoip,geoip,https://pigsty.io/ext/e/geoip,G,G,G,G,G,G,G,G,G,G,G,G,G,G,G,G,G,G,G,G,G,G,G,G,G,G,G,G,G,G,G,G,G,G,G,G,G,G,G,G,G,G,G,G,G,G,G,G,G,G,G,G,G,G,G,G,G,G,G,G,G,G,G,G,G,G,G,G,G,G,G,G,G,G,G,G,G,G,G,G
pg_polyline,pg_polyline,https://pigsty.io/ext/e/pg_polyline,G,G,G,G,G,G,G,G,G,G,G,G,G,G,G,G,G,G,G,G,G,G,G,G,G,G,G,G,G,G,G,G,G,G,G,G,G,G,G,G,G,G,G,G,G,G,G,G,G,G,G,G,G,G,G,G,G,G,G,G,G,G,G,G,G,G,G,G,G,G,G,G,G,G,G,G,G,G,G,G
pg_eviltransform,pg_eviltransform,https://pigsty.io/ext/e/pg_eviltransform,G,G,G,G,G,G,G,G,G,G,G,G,G,G,G,G,G,G,G,G,G,G,G,G,G,G,G,G,G,G,G,G,G,G,G,G,G,G,G,G,G,G,G,G,G,G,G,G,G,G,G,G,G,G,G,G,G,G,G,G,G,G,G,G,G,G,G,G,G,G,G,G,G,G,G,G,G,G,G,G
pg_geohash,pg_geohash,https://pigsty.io/ext/e/pg_geohash,G,G,G,G,G,G,G,G,G,G,G,G,G,G,G,G,G,G,G,G,G,G,G,G,G,G,G,G,G,G,G,G,G,G,G,G,G,G,G,G,G,G,G,G,G,G,G,G,G,G,G,G,G,G,G,G,G,G,G,G,G,G,G,G,G,G,G,G,G,G,G,G,G,G,G,G,G,G,G,G
pghydro,pghydro,https://pigsty.io/ext/e/pghydro,G,G,G,G,G,G,G,G,G,G,G,G,G,G,G,G,G,G,G,G,G,G,G,G,G,G,G,G,G,G,G,G,G,G,G,G,G,G,G,G,G,G,G,G,G,G,G,G,G,G,G,G,G,G,G,G,G,G,G,G,G,G,G,G,G,G,G,G,G,G,G,G,G,G,G,G,G,G,G,G
mobilitydb,mobilitydb,https://pigsty.io/ext/e/mobilitydb,A,A,A,A,A,A,A,A,A,A,A,A,A,A,A,A,A,A,A,A,A,A,A,A,A,A,A,A,A,A,B,B,B,B,B,B,B,B,B,B,B,B,B,B,B,B,B,B,B,B,B,B,B,B,R,B,B,B,B,R,B,B,B,B,B,B,B,B,B,B,B,B,B,B,B,B,B,B,B,B
pg_tzf,tzf,https://pigsty.io/ext/e/tzf,G,G,G,G,G,G,G,G,G,G,G,G,G,G,G,G,G,G,G,G,G,G,G,G,G,G,G,G,G,G,G,G,G,G,G,G,G,G,G,G,G,G,G,G,G,G,G,G,G,G,G,G,G,G,G,G,G,G,G,G,G,G,G,G,G,G,G,G,G,G,G,G,G,G,G,G,G,G,G,G
pgvector,vector,https://pigsty.io/ext/e/vector,G,G,G,G,G,G,G,G,G,G,G,G,G,G,G,G,G,G,G,G,G,G,G,G,G,G,G,G,G,G,G,G,G,G,G,G,G,G,G,G,G,G,G,G,G,G,G,G,G,G,G,G,G,G,G,G,G,G,G,G,G,G,G,G,G,G,G,G,G,G,G,G,G,G,G,G,G,G,G,G
vchord,vchord,https://pigsty.io/ext/e/vchord,G,G,G,G,G,G,G,G,G,G,G,G,G,G,G,G,G,G,G,G,G,G,G,G,G,G,G,G,G,G,G,G,G,G,G,G,G,G,G,G,G,G,G,G,G,G,G,G,G,G,G,G,G,G,G,G,G,G,G,G,G,G,G,G,G,G,G,G,G,G,G,G,G,G,G,G,G,G,G,G
pgvectorscale,vectorscale,https://pigsty.io/ext/e/vectorscale,G,G,G,G,G,G,G,G,G,G,G,G,G,G,G,G,G,G,G,G,G,G,G,G,G,G,G,G,G,G,G,G,G,G,G,G,G,G,G,G,G,G,G,G,G,G,G,G,G,G,G,G,G,G,G,G,G,G,G,G,G,G,G,G,G,G,G,G,G,G,G,G,G,G,G,G,G,G,G,G
pg_vectorize,vectorize,https://pigsty.io/ext/e/vectorize,G,G,G,G,G,G,G,G,G,G,G,G,G,G,G,G,G,G,G,G,G,G,G,G,G,G,G,G,G,G,G,G,G,G,G,G,G,G,G,G,G,G,G,G,G,G,G,G,G,G,G,G,G,G,G,G,G,G,G,G,G,G,G,G,G,G,G,G,G,G,G,G,G,G,G,G,G,G,G,G
pg_similarity,pg_similarity,https://pigsty.io/ext/e/pg_similarity,G,G,G,G,B,G,G,G,G,B,B,B,B,B,B,B,B,B,B,B,B,B,B,B,B,B,B,B,B,B,B,B,B,B,B,B,B,B,B,B,B,B,B,B,B,B,B,B,B,B,B,B,B,B,B,B,B,B,B,B,B,B,B,B,B,B,B,B,B,B,B,B,B,B,B,B,B,B,B,B
pg_rrf,pg_rrf,https://pigsty.io/ext/e/pg_rrf,G,G,G,G,.,G,G,G,G,.,G,G,G,G,.,G,G,G,G,.,G,G,G,G,.,G,G,G,G,.,G,G,G,G,.,G,G,G,G,.,G,G,G,G,.,G,G,G,G,.,G,G,G,G,.,G,G,G,G,.,G,G,G,G,.,G,G,G,G,.,G,G,G,G,.,G,G,G,G,G
smlar,smlar,https://pigsty.io/ext/e/smlar,G,G,G,G,G,G,G,G,G,G,G,G,G,G,G,G,G,G,G,G,G,G,G,G,G,G,G,G,G,G,G,G,G,G,G,G,G,G,G,G,G,G,G,G,G,G,G,G,G,G,G,G,G,G,G,G,G,G,G,G,G,G,G,G,G,G,G,G,G,G,G,G,G,G,G,G,G,G,G,G
pg_summarize,pg_summarize,https://pigsty.io/ext/e/pg_summarize,G,G,G,G,G,G,G,G,G,G,G,G,G,G,G,G,G,G,G,G,G,G,G,G,G,G,G,G,G,G,G,G,G,G,G,G,G,G,G,G,G,G,G,G,G,G,G,G,G,G,G,G,G,G,G,G,G,G,G,G,G,G,G,G,G,G,G,G,G,G,G,G,G,G,G,G,G,G,G,G
pg_tiktoken,pg_tiktoken,https://pigsty.io/ext/e/pg_tiktoken,G,G,G,G,G,G,G,G,G,G,G,G,G,G,G,G,G,G,G,G,G,G,G,G,G,G,G,G,G,G,G,G,G,G,G,G,G,G,G,G,G,G,G,G,G,G,G,G,G,G,G,G,G,G,G,G,G,G,G,G,G,G,G,G,G,G,G,G,G,G,G,G,G,G,G,G,G,G,G,G
pg4ml,pg4ml,https://pigsty.io/ext/e/pg4ml,G,G,G,G,G,G,G,G,G,G,G,G,G,G,G,G,G,G,G,G,G,G,G,G,G,G,G,G,G,G,G,G,G,G,G,G,G,G,G,G,G,G,G,G,G,G,G,G,G,G,G,G,G,G,G,G,G,G,G,G,G,G,G,G,G,G,G,G,G,G,G,G,G,G,G,G,G,G,G,G
pgml,pgml,https://pigsty.io/ext/e/pgml,G,G,G,G,.,G,G,G,G,.,G,G,G,G,.,G,G,G,G,.,R,R,R,R,.,R,R,R,R,.,G,G,G,G,.,G,G,G,G,.,R,R,R,R,.,R,R,R,R,.,G,G,G,G,.,G,G,G,G,.,G,G,G,G,.,G,G,G,G,.,R,R,R,R,.,R,R,R,R,.
pgmnemo,pgmnemo,https://pigsty.io/ext/e/pgmnemo,G,G,G,G,G,G,G,G,G,G,G,G,G,G,G,G,G,G,G,G,G,G,G,G,G,G,G,G,G,G,G,G,G,G,G,G,G,G,G,G,G,G,G,G,G,G,G,G,G,G,G,G,G,G,G,G,G,G,G,G,G,G,G,G,G,G,G,G,G,G,G,G,G,G,G,G,G,G,G,G
pg_search,pg_search,https://pigsty.io/ext/e/pg_search,.,G,G,G,G,.,G,G,G,G,.,G,G,G,G,.,G,G,G,G,.,G,G,G,G,.,G,G,G,G,G,G,G,G,G,G,G,G,G,G,G,G,G,G,G,G,G,G,G,G,G,G,G,G,G,G,G,G,G,G,G,G,G,G,G,G,G,G,G,G,.,G,G,G,G,.,G,G,G,G
pgroonga,pgroonga,https://pigsty.io/ext/e/pgroonga,G,G,G,G,G,G,G,G,G,G,G,G,G,G,G,G,G,G,G,G,G,G,G,G,G,G,G,G,G,G,G,G,G,G,G,G,G,G,G,G,G,G,G,G,G,G,G,G,G,G,G,G,G,G,G,G,G,G,G,G,G,G,G,G,G,G,G,G,G,G,G,G,G,G,G,G,G,G,G,G
pg_bigm,pg_bigm,https://pigsty.io/ext/e/pg_bigm,B,B,B,B,B,B,B,B,B,B,B,B,B,B,B,B,B,B,B,B,B,B,B,B,B,B,B,B,B,B,G,G,G,G,G,G,G,G,G,G,G,G,G,G,G,G,G,G,G,G,G,G,G,G,G,G,G,G,G,G,G,G,G,G,G,G,G,G,G,G,G,G,G,G,G,G,G,G,G,G
zhparser,zhparser,https://pigsty.io/ext/e/zhparser,G,G,G,G,G,G,G,G,G,G,G,G,G,G,G,G,G,G,G,G,G,G,G,G,G,G,G,G,G,G,G,G,G,G,G,G,G,G,G,G,G,G,G,G,G,G,G,G,G,G,G,G,G,G,G,G,G,G,G,G,G,G,G,G,G,G,G,G,G,G,G,G,G,G,G,G,G,G,G,G
pg_bestmatch,pg_bestmatch,https://pigsty.io/ext/e/pg_bestmatch,G,G,G,G,G,G,G,G,G,G,G,G,G,G,G,G,G,G,G,G,G,G,G,G,G,G,G,G,G,G,G,G,G,G,G,G,G,G,G,G,G,G,G,G,G,G,G,G,G,G,G,G,G,G,G,G,G,G,G,G,G,G,G,G,G,G,G,G,G,G,G,G,G,G,G,G,G,G,G,G
vchord_bm25,vchord_bm25,https://pigsty.io/ext/e/vchord_bm25,G,G,G,G,G,G,G,G,G,G,G,G,G,G,G,G,G,G,G,G,G,G,G,G,G,G,G,G,G,G,G,G,G,G,G,G,G,G,G,G,G,G,G,G,G,G,G,G,G,G,G,G,G,G,G,G,G,G,G,G,G,G,G,G,G,G,G,G,G,G,G,G,G,G,G,G,G,G,G,G
pg_tokenizer,pg_tokenizer,https://pigsty.io/ext/e/pg_tokenizer,G,G,G,G,G,G,G,G,G,G,G,G,G,G,G,G,G,G,G,G,G,G,G,G,G,G,G,G,G,G,G,G,G,G,G,G,G,G,G,G,G,G,G,G,G,G,G,G,G,G,G,G,G,G,G,G,G,G,G,G,G,G,G,G,G,G,G,G,G,G,G,G,G,G,G,G,G,G,G,G
pg_biscuit,biscuit,https://pigsty.io/ext/e/biscuit,.,.,G,G,G,.,.,G,G,G,.,.,G,G,G,.,.,G,G,G,.,.,G,G,G,.,.,G,G,G,.,.,G,G,G,.,.,G,G,G,.,.,G,G,G,.,.,G,G,G,.,.,G,G,G,.,.,G,G,G,.,.,G,G,G,.,.,G,G,G,.,.,G,G,G,.,.,G,G,G
pg_textsearch,pg_textsearch,https://pigsty.io/ext/e/pg_textsearch,.,.,.,G,G,.,.,.,G,G,.,.,.,G,G,.,.,.,G,G,.,.,.,G,G,.,.,.,G,G,.,.,.,G,G,.,.,.,G,G,.,.,.,G,G,.,.,.,G,G,.,.,.,G,G,.,.,.,G,G,.,.,.,G,G,.,.,.,G,G,.,.,.,G,G,.,.,.,G,G
pg_pinyin,pg_pinyin,https://pigsty.io/ext/e/pg_pinyin,G,G,G,G,G,G,G,G,G,G,G,G,G,G,G,G,G,G,G,G,G,G,G,G,G,G,G,G,G,G,G,G,G,G,G,G,G,G,G,G,G,G,G,G,G,G,G,G,G,G,G,G,G,G,G,G,G,G,G,G,G,G,G,G,G,G,G,G,G,G,G,G,G,G,G,G,G,G,G,G
pg_kazsearch,pg_kazsearch,https://pigsty.io/ext/e/pg_kazsearch,.,.,G,G,G,.,.,G,G,G,.,.,G,G,G,.,.,G,G,G,.,.,G,G,G,.,.,G,G,G,.,.,G,G,G,.,.,G,G,G,.,.,G,G,G,.,.,G,G,G,.,.,G,G,G,.,.,G,G,G,.,.,G,G,G,.,.,G,G,G,.,.,G,G,G,.,.,G,G,G
psql_bm25s,psql_bm25s,https://pigsty.io/ext/e/psql_bm25s,.,.,.,G,G,.,.,.,G,G,.,.,.,G,G,.,.,.,G,G,.,.,.,G,G,.,.,.,G,G,.,.,.,G,G,.,.,.,G,G,.,.,.,G,G,.,.,.,G,G,.,.,.,G,G,.,.,.,G,G,.,.,.,G,G,.,.,.,G,G,.,.,.,G,G,.,.,.,G,G
hunspell_cs_cz,hunspell_cs_cz,https://pigsty.io/ext/e/hunspell_cs_cz,G,G,G,G,G,G,G,G,G,G,G,G,G,G,G,G,G,G,G,G,G,G,G,G,G,G,G,G,G,G,G,G,G,G,G,G,G,G,G,G,G,G,G,G,G,G,G,G,G,G,G,G,G,G,G,G,G,G,G,G,G,G,G,G,G,G,G,G,G,G,G,G,G,G,G,G,G,G,G,G
hunspell_de_de,hunspell_de_de,https://pigsty.io/ext/e/hunspell_de_de,G,G,G,G,G,G,G,G,G,G,G,G,G,G,G,G,G,G,G,G,G,G,G,G,G,G,G,G,G,G,G,G,G,G,G,G,G,G,G,G,G,G,G,G,G,G,G,G,G,G,G,G,G,G,G,G,G,G,G,G,G,G,G,G,G,G,G,G,G,G,G,G,G,G,G,G,G,G,G,G
hunspell_en_us,hunspell_en_us,https://pigsty.io/ext/e/hunspell_en_us,G,G,G,G,G,G,G,G,G,G,G,G,G,G,G,G,G,G,G,G,G,G,G,G,G,G,G,G,G,G,G,G,G,G,G,G,G,G,G,G,G,G,G,G,G,G,G,G,G,G,G,G,G,G,G,G,G,G,G,G,G,G,G,G,G,G,G,G,G,G,G,G,G,G,G,G,G,G,G,G
hunspell_fr,hunspell_fr,https://pigsty.io/ext/e/hunspell_fr,G,G,G,G,G,G,G,G,G,G,G,G,G,G,G,G,G,G,G,G,G,G,G,G,G,G,G,G,G,G,G,G,G,G,G,G,G,G,G,G,G,G,G,G,G,G,G,G,G,G,G,G,G,G,G,G,G,G,G,G,G,G,G,G,G,G,G,G,G,G,G,G,G,G,G,G,G,G,G,G
hunspell_ne_np,hunspell_ne_np,https://pigsty.io/ext/e/hunspell_ne_np,G,G,G,G,G,G,G,G,G,G,G,G,G,G,G,G,G,G,G,G,G,G,G,G,G,G,G,G,G,G,G,G,G,G,G,G,G,G,G,G,G,G,G,G,G,G,G,G,G,G,G,G,G,G,G,G,G,G,G,G,G,G,G,G,G,G,G,G,G,G,G,G,G,G,G,G,G,G,G,G
hunspell_nl_nl,hunspell_nl_nl,https://pigsty.io/ext/e/hunspell_nl_nl,G,G,G,G,G,G,G,G,G,G,G,G,G,G,G,G,G,G,G,G,G,G,G,G,G,G,G,G,G,G,G,G,G,G,G,G,G,G,G,G,G,G,G,G,G,G,G,G,G,G,G,G,G,G,G,G,G,G,G,G,G,G,G,G,G,G,G,G,G,G,G,G,G,G,G,G,G,G,G,G
hunspell_nn_no,hunspell_nn_no,https://pigsty.io/ext/e/hunspell_nn_no,G,G,G,G,G,G,G,G,G,G,G,G,G,G,G,G,G,G,G,G,G,G,G,G,G,G,G,G,G,G,G,G,G,G,G,G,G,G,G,G,G,G,G,G,G,G,G,G,G,G,G,G,G,G,G,G,G,G,G,G,G,G,G,G,G,G,G,G,G,G,G,G,G,G,G,G,G,G,G,G
hunspell_pt_pt,hunspell_pt_pt,https://pigsty.io/ext/e/hunspell_pt_pt,P,P,P,P,P,P,P,P,P,P,P,P,P,P,P,P,P,P,P,P,P,P,P,P,P,P,P,P,P,P,P,P,P,P,P,P,P,P,P,P,P,P,P,P,P,P,P,P,P,P,P,P,P,P,P,P,P,P,P,P,P,P,P,P,P,P,P,P,P,P,P,P,P,P,P,P,P,P,P,P
hunspell_ru_ru,hunspell_ru_ru,https://pigsty.io/ext/e/hunspell_ru_ru,G,G,G,G,G,G,G,G,G,G,G,G,G,G,G,G,G,G,G,G,G,G,G,G,G,G,G,G,G,G,G,G,G,G,G,G,G,G,G,G,G,G,G,G,G,G,G,G,G,G,G,G,G,G,G,G,G,G,G,G,G,G,G,G,G,G,G,G,G,G,G,G,G,G,G,G,G,G,G,G
hunspell_ru_ru_aot,hunspell_ru_ru_aot,https://pigsty.io/ext/e/hunspell_ru_ru_aot,G,G,G,G,G,G,G,G,G,G,G,G,G,G,G,G,G,G,G,G,G,G,G,G,G,G,G,G,G,G,G,G,G,G,G,G,G,G,G,G,G,G,G,G,G,G,G,G,G,G,G,G,G,G,G,G,G,G,G,G,G,G,G,G,G,G,G,G,G,G,G,G,G,G,G,G,G,G,G,G
citus,citus,https://pigsty.io/ext/e/citus,B,B,G,G,G,B,B,G,G,G,.,.,G,G,G,.,.,G,G,G,.,.,G,G,G,.,.,G,G,G,G,G,G,G,G,G,G,G,G,G,.,G,G,G,G,.,G,G,G,G,G,G,G,G,G,G,G,G,G,G,G,G,G,G,G,G,G,G,G,G,.,.,G,G,G,.,.,G,G,G
hydra,columnar,https://pigsty.io/ext/e/columnar,G,G,G,.,.,G,G,G,.,.,G,G,G,.,.,G,G,G,.,.,G,G,G,.,.,G,G,G,.,.,G,G,G,.,.,G,G,G,.,.,G,G,G,.,.,G,G,G,.,.,G,G,G,.,.,G,G,G,.,.,G,G,G,.,.,G,G,G,.,.,G,G,G,.,.,G,G,G,.,.
pg_analytics,pg_analytics,https://pigsty.io/ext/e/pg_analytics,G,G,G,G,.,G,G,G,G,.,G,G,G,G,.,G,G,G,G,.,R,R,R,R,.,R,R,R,R,.,G,G,G,G,.,G,G,G,G,.,R,R,R,R,.,R,R,R,R,.,G,G,G,G,.,G,G,G,G,.,G,G,G,G,.,G,G,G,G,.,R,R,R,R,.,R,R,R,R,.
pg_duckdb,pg_duckdb,https://pigsty.io/ext/e/pg_duckdb,G,G,G,G,G,G,G,G,G,G,G,G,G,G,G,G,G,G,G,G,G,G,G,G,G,G,G,G,G,G,G,G,G,G,G,G,G,G,G,G,G,G,G,G,G,G,G,G,G,G,G,G,G,G,G,G,G,G,G,G,G,G,G,G,G,G,G,G,G,G,G,G,G,G,G,G,G,G,G,G
pg_mooncake,pg_mooncake,https://pigsty.io/ext/e/pg_mooncake,G,G,G,G,G,G,G,G,G,G,G,G,G,G,G,G,G,G,G,G,G,G,G,G,G,G,G,G,G,G,G,G,G,G,G,G,G,G,G,G,G,G,G,G,G,G,G,G,G,G,G,G,G,G,G,G,G,G,G,G,G,G,G,G,G,G,G,G,G,G,G,G,G,G,G,G,G,G,G,G
storage_engine,storage_engine,https://pigsty.io/ext/e/storage_engine,.,G,G,G,G,.,G,G,G,G,.,G,G,G,G,.,G,G,G,G,.,G,G,G,G,.,G,G,G,G,G,G,G,G,G,G,G,G,G,G,G,G,G,G,G,G,G,G,G,G,G,G,G,G,G,G,G,G,G,G,G,G,G,G,G,G,G,G,G,G,G,G,G,G,G,G,G,G,G,G
pg_clickhouse,pg_clickhouse,https://pigsty.io/ext/e/pg_clickhouse,G,G,G,G,G,G,G,G,G,G,G,G,G,G,G,G,G,G,G,G,G,G,G,G,G,G,G,G,G,G,G,G,G,G,G,G,G,G,G,G,G,G,G,G,G,G,G,G,G,G,G,G,G,G,G,G,G,G,G,G,G,G,G,G,G,G,G,G,G,G,G,G,G,G,G,G,G,G,G,G
duckdb_fdw,duckdb_fdw,https://pigsty.io/ext/e/duckdb_fdw,G,G,G,G,G,G,G,G,G,G,G,G,G,G,G,G,G,G,G,G,G,G,G,G,G,G,G,G,G,G,G,G,G,G,G,G,G,G,G,G,G,G,G,G,G,G,G,G,G,G,G,G,G,G,G,G,G,G,G,G,G,G,G,G,G,G,G,G,G,G,G,G,G,G,G,G,G,G,G,G
pg_parquet,pg_parquet,https://pigsty.io/ext/e/pg_parquet,G,G,G,G,G,G,G,G,G,G,G,G,G,G,G,G,G,G,G,G,G,G,G,G,G,G,G,G,G,G,G,G,G,G,G,G,G,G,G,G,G,G,G,G,G,G,G,G,G,G,G,G,G,G,G,G,G,G,G,G,G,G,G,G,G,G,G,G,G,G,G,G,G,G,G,G,G,G,G,G
pg_ducklake,pg_ducklake,https://pigsty.io/ext/e/pg_ducklake,R,R,R,R,R,R,R,R,R,R,G,G,G,G,G,G,G,G,G,G,G,G,G,G,G,G,G,G,G,G,G,G,G,G,G,G,G,G,G,G,G,G,G,G,G,G,G,G,G,G,G,G,G,G,G,G,G,G,G,G,G,G,G,G,G,G,G,G,G,G,G,G,G,G,G,G,G,G,G,G
pg_fkpart,pg_fkpart,https://pigsty.io/ext/e/pg_fkpart,B,B,B,B,B,B,B,B,B,B,B,B,B,B,B,B,B,B,B,B,B,B,B,B,B,B,B,B,B,B,G,G,G,G,G,G,G,G,G,G,G,G,G,G,G,G,G,G,G,G,G,G,G,G,G,G,G,G,G,G,G,G,G,G,G,G,G,G,G,G,G,G,G,G,G,G,G,G,G,G
pg_partman,pg_partman,https://pigsty.io/ext/e/pg_partman,B,B,B,B,B,B,B,B,B,B,B,B,B,B,B,B,B,B,B,B,B,B,B,B,B,B,B,B,B,B,B,B,B,B,B,B,B,B,B,B,B,B,B,B,B,B,B,B,B,B,B,B,B,B,B,B,B,B,B,B,B,B,B,B,B,B,B,B,B,B,B,B,B,B,B,B,B,B,B,B
plproxy,plproxy,https://pigsty.io/ext/e/plproxy,G,G,G,B,B,G,G,G,B,B,B,B,B,B,B,B,B,B,B,B,B,B,B,B,B,B,B,B,B,B,B,B,B,B,B,B,B,B,B,B,B,B,B,B,B,B,B,B,B,B,B,B,B,B,B,B,B,B,B,B,B,B,B,B,B,B,B,B,B,B,B,B,B,B,B,B,B,B,B,B
pg_strom,pg_strom,https://pigsty.io/ext/e/pg_strom,B,B,B,B,B,R,R,R,R,.,B,B,B,B,B,R,R,R,R,.,R,B,B,B,B,R,R,R,R,.,A,A,A,A,.,A,A,A,A,.,A,A,A,A,.,A,A,A,A,.,A,A,A,A,.,A,A,A,A,.,A,A,A,A,.,A,A,A,A,.,A,A,A,A,.,A,A,A,A,.
pg_orca,pg_orca,https://pigsty.io/ext/e/pg_orca,.,.,.,.,G,.,.,.,.,G,.,.,.,.,G,.,.,.,.,G,.,.,.,.,G,.,.,.,.,G,.,.,.,.,G,.,.,.,.,G,.,.,.,.,G,.,.,.,.,G,.,.,.,.,G,.,.,.,.,G,.,.,.,.,G,.,.,.,.,G,.,.,.,.,G,.,.,.,.,G
pg_sorted_heap,pg_sorted_heap,https://pigsty.io/ext/e/pg_sorted_heap,.,.,G,G,G,.,.,G,G,G,.,.,G,G,G,.,.,G,G,G,.,.,G,G,G,.,.,G,G,G,.,.,G,G,G,.,.,G,G,G,.,.,G,G,G,.,.,G,G,G,.,.,G,G,G,.,.,G,G,G,.,.,G,G,G,.,.,G,G,G,.,.,G,G,G,.,.,G,G,G
age,age,https://pigsty.io/ext/e/age,G,G,G,G,G,G,G,G,G,G,G,G,G,G,G,G,G,G,G,G,G,G,G,G,G,G,G,G,G,G,B,B,B,G,G,B,B,B,G,G,B,B,B,G,G,B,B,B,G,G,B,B,B,G,G,B,B,B,G,G,B,B,B,G,G,B,B,B,G,G,B,B,B,G,G,B,B,B,G,G
pg_liquid,pg_liquid,https://pigsty.io/ext/e/pg_liquid,G,G,G,G,G,G,G,G,G,G,G,G,G,G,G,G,G,G,G,G,G,G,G,G,G,G,G,G,G,G,G,G,G,G,G,G,G,G,G,G,G,G,G,G,G,G,G,G,G,G,G,G,G,G,G,G,G,G,G,G,G,G,G,G,G,G,G,G,G,G,G,G,G,G,G,G,G,G,G,G
one_sparse,onesparse,https://pigsty.io/ext/e/onesparse,.,.,.,.,G,.,.,.,.,G,.,.,.,.,G,.,.,.,.,G,.,.,.,.,G,.,.,.,.,G,.,.,.,.,G,.,.,.,.,G,.,.,.,.,G,.,.,.,.,G,.,.,.,.,G,.,.,.,.,G,.,.,.,.,G,.,.,.,.,G,.,.,.,.,G,.,.,.,.,G
pggraph,graph,https://pigsty.io/ext/e/graph,G,G,G,G,G,G,G,G,G,G,G,G,G,G,G,G,G,G,G,G,G,G,G,G,G,G,G,G,G,G,G,G,G,G,G,G,G,G,G,G,G,G,G,G,G,G,G,G,G,G,G,G,G,G,G,G,G,G,G,G,G,G,G,G,G,G,G,G,G,G,G,G,G,G,G,G,G,G,G,G
pgrdf,pgrdf,https://pigsty.io/ext/e/pgrdf,G,G,G,G,.,G,G,G,G,.,G,G,G,G,.,G,G,G,G,.,G,G,G,G,.,G,G,G,G,.,G,G,G,G,.,G,G,G,G,.,G,G,G,G,.,G,G,G,G,.,G,G,G,G,.,G,G,G,G,.,G,G,G,G,.,G,G,G,G,.,G,G,G,G,.,G,G,G,G,.
pgq,pgq,https://pigsty.io/ext/e/pgq,B,B,B,B,B,B,B,B,B,B,B,B,B,B,B,B,B,B,B,B,B,B,B,B,B,B,B,B,B,B,B,B,B,B,B,B,B,B,B,B,B,B,B,B,B,B,B,B,B,B,B,B,B,B,B,B,B,B,B,B,B,B,B,B,B,B,B,B,B,B,B,B,B,B,B,B,B,B,B,B
pgmq,pgmq,https://pigsty.io/ext/e/pgmq,G,G,G,G,G,G,G,G,G,G,G,G,G,G,G,G,G,G,G,G,G,G,G,G,G,G,G,G,G,G,G,G,G,G,G,G,G,G,G,G,G,G,G,G,G,G,G,G,G,G,G,G,G,G,G,G,G,G,G,G,G,G,G,G,G,G,G,G,G,G,G,G,G,G,G,G,G,G,G,G
pgmb,pgmb,https://pigsty.io/ext/e/pgmb,G,G,G,G,G,G,G,G,G,G,G,G,G,G,G,G,G,G,G,G,G,G,G,G,G,G,G,G,G,G,G,G,G,G,G,G,G,G,G,G,G,G,G,G,G,G,G,G,G,G,G,G,G,G,G,G,G,G,G,G,G,G,G,G,G,G,G,G,G,G,G,G,G,G,G,G,G,G,G,G
ulak,ulak,https://pigsty.io/ext/e/ulak,G,G,G,G,G,G,G,G,G,G,G,G,G,G,G,G,G,G,G,G,G,G,G,G,G,G,G,G,G,G,G,G,G,G,G,G,G,G,G,G,G,G,G,G,G,G,G,G,G,G,G,G,G,G,G,G,G,G,G,G,G,G,G,G,G,G,G,G,G,G,G,G,G,G,G,G,G,G,G,G
fsm_core,fsm_core,https://pigsty.io/ext/e/fsm_core,.,G,G,G,G,.,G,G,G,G,.,G,G,G,G,.,G,G,G,G,.,G,G,G,G,.,G,G,G,G,.,G,G,G,G,.,G,G,G,G,.,G,G,G,G,.,G,G,G,G,.,G,G,G,G,.,G,G,G,G,.,G,G,G,G,.,G,G,G,G,.,G,G,G,G,.,G,G,G,G
hll,hll,https://pigsty.io/ext/e/hll,B,B,B,B,B,B,B,B,B,B,B,B,B,B,B,B,B,B,B,B,B,B,B,B,B,B,B,B,B,B,B,B,B,B,B,B,B,B,B,B,B,B,B,B,B,B,B,B,B,B,B,B,B,B,B,B,B,B,B,B,B,B,B,B,B,B,B,B,B,B,B,B,B,B,B,B,B,B,B,B
rum,rum,https://pigsty.io/ext/e/rum,B,B,G,G,G,B,B,G,G,G,B,B,G,G,G,B,B,G,G,G,B,B,G,G,G,B,B,G,G,G,B,B,B,B,B,B,B,B,B,B,B,B,B,B,B,B,B,B,B,B,B,B,B,B,B,B,B,B,B,B,B,B,B,B,B,B,B,B,B,B,B,B,B,B,B,B,B,B,B,B
pg_ai_query,pg_ai_query,https://pigsty.io/ext/e/pg_ai_query,R,R,R,R,R,R,R,R,R,R,G,G,G,G,G,G,G,G,G,G,G,G,G,G,G,G,G,G,G,G,R,R,R,R,R,R,R,R,R,R,G,G,G,G,G,G,G,G,G,G,R,R,R,R,R,R,R,R,R,R,G,G,G,G,G,G,G,G,G,G,G,G,G,G,G,G,G,G,G,G
pg_ttl_index,pg_ttl_index,https://pigsty.io/ext/e/pg_ttl_index,.,G,G,G,G,.,G,G,G,G,.,G,G,G,G,.,G,G,G,G,.,G,G,G,G,.,G,G,G,G,.,G,G,G,G,.,G,G,G,G,.,G,G,G,G,.,G,G,G,G,.,G,G,G,G,.,G,G,G,G,.,G,G,G,G,.,G,G,G,G,.,G,G,G,G,.,G,G,G,G
pg_graphql,pg_graphql,https://pigsty.io/ext/e/pg_graphql,G,G,G,G,G,G,G,G,G,G,G,G,G,G,G,G,G,G,G,G,G,G,G,G,G,G,G,G,G,G,G,G,G,G,G,G,G,G,G,G,G,G,G,G,G,G,G,G,G,G,G,G,G,G,G,G,G,G,G,G,G,G,G,G,G,G,G,G,G,G,G,G,G,G,G,G,G,G,G,G
pg_jsonschema,pg_jsonschema,https://pigsty.io/ext/e/pg_jsonschema,G,G,G,G,G,G,G,G,G,G,G,G,G,G,G,G,G,G,G,G,G,G,G,G,G,G,G,G,G,G,G,G,G,G,G,G,G,G,G,G,G,G,G,G,G,G,G,G,G,G,G,G,G,G,G,G,G,G,G,G,G,G,G,G,G,G,G,G,G,G,G,G,G,G,G,G,G,G,G,G
jsonschema,jsonschema,https://pigsty.io/ext/e/jsonschema,G,G,G,G,G,G,G,G,G,G,G,G,G,G,G,G,G,G,G,G,G,G,G,G,G,G,G,G,G,G,G,G,G,G,G,G,G,G,G,G,G,G,G,G,G,G,G,G,G,G,G,G,G,G,G,G,G,G,G,G,G,G,G,G,G,G,G,G,G,G,G,G,G,G,G,G,G,G,G,G
jsquery,jsquery,https://pigsty.io/ext/e/jsquery,B,B,B,B,B,B,B,B,B,B,B,B,B,B,B,B,B,B,B,B,B,B,B,B,B,B,B,B,B,B,B,B,B,B,B,B,B,B,B,B,B,B,B,B,B,B,B,B,B,B,B,B,B,B,B,B,B,B,B,B,B,B,B,B,B,B,B,B,B,B,B,B,B,B,B,B,B,B,B,B
pg_hint_plan,pg_hint_plan,https://pigsty.io/ext/e/pg_hint_plan,B,B,B,B,B,B,B,B,B,B,B,B,B,B,B,B,B,B,B,B,B,B,B,B,B,B,B,B,B,B,B,B,B,B,B,B,B,B,B,B,B,B,B,B,B,B,B,B,B,B,B,B,B,B,B,B,B,B,B,B,B,B,B,B,B,B,B,B,B,B,B,B,B,B,B,B,B,B,B,B
hypopg,hypopg,https://pigsty.io/ext/e/hypopg,B,B,B,B,B,B,B,B,B,B,B,B,B,B,B,B,B,B,B,B,B,B,B,B,B,B,B,B,B,B,B,B,B,B,B,B,B,B,B,B,B,B,B,B,B,B,B,B,B,B,B,B,B,B,B,B,B,B,B,B,B,B,B,B,B,B,B,B,B,B,B,B,B,B,B,B,B,B,B,B
index_advisor,index_advisor,https://pigsty.io/ext/e/index_advisor,G,G,G,G,G,G,G,G,G,G,G,G,G,G,G,G,G,G,G,G,G,G,G,G,G,G,G,G,G,G,G,G,G,G,G,G,G,G,G,G,G,G,G,G,G,G,G,G,G,G,G,G,G,G,G,G,G,G,G,G,G,G,G,G,G,G,G,G,G,G,G,G,G,G,G,G,G,G,G,G
pg_plan_filter,plan_filter,https://pigsty.io/ext/e/plan_filter,G,G,G,G,G,G,G,G,G,G,G,G,G,G,G,G,G,G,G,G,G,G,G,G,G,G,G,G,G,G,G,G,G,G,G,G,G,G,G,G,G,G,G,G,G,G,G,G,G,G,G,G,G,G,G,G,G,G,G,G,G,G,G,G,G,G,G,G,G,G,G,G,G,G,G,G,G,G,G,G
pg_variables,pg_variables,https://pigsty.io/ext/e/pg_variables,G,G,G,G,G,G,G,G,G,G,G,G,G,G,G,G,G,G,G,G,G,G,G,G,G,G,G,G,G,G,G,G,G,G,G,G,G,G,G,G,G,G,G,G,G,G,G,G,G,G,G,G,G,G,G,G,G,G,G,G,G,G,G,G,G,G,G,G,G,G,G,G,G,G,G,G,G,G,G,G
imgsmlr,imgsmlr,https://pigsty.io/ext/e/imgsmlr,G,G,G,G,G,G,G,G,G,G,G,G,G,G,G,G,G,G,G,G,R,R,R,R,R,R,R,R,R,R,G,G,G,G,G,G,G,G,G,G,R,R,R,R,R,R,R,R,R,R,G,G,G,G,G,G,G,G,G,G,G,G,G,G,G,G,G,G,G,G,G,G,G,G,G,G,G,G,G,G
pg_ivm,pg_ivm,https://pigsty.io/ext/e/pg_ivm,G,G,G,G,G,G,G,G,G,G,G,G,G,G,G,G,G,G,G,G,G,G,G,G,G,G,G,G,G,G,G,G,G,G,G,G,G,G,G,G,G,G,G,G,G,G,G,G,G,G,G,G,G,G,G,G,G,G,G,G,G,G,G,G,G,G,G,G,G,G,G,G,G,G,G,G,G,G,G,G
pg_incremental,pg_incremental,https://pigsty.io/ext/e/pg_incremental,.,.,G,G,G,.,.,G,G,G,.,.,G,G,G,.,.,G,G,G,.,.,G,G,G,.,.,G,G,G,.,.,G,G,G,.,.,G,G,G,.,.,G,G,G,.,.,G,G,G,.,.,G,G,G,.,.,G,G,G,.,.,G,G,G,.,.,G,G,G,.,.,G,G,G,.,.,G,G,G
pg_trickle,pg_trickle,https://pigsty.io/ext/e/pg_trickle,.,.,.,.,G,.,.,.,.,G,.,.,.,.,G,.,.,.,.,G,.,.,.,.,G,.,.,.,.,G,.,.,.,.,G,.,.,.,.,G,.,.,.,.,G,.,.,.,.,G,.,.,.,.,G,.,.,.,.,G,.,.,.,.,G,.,.,.,.,G,.,.,.,.,G,.,.,.,.,G
pg_durable,pg_durable,https://pigsty.io/ext/e/pg_durable,G,G,G,G,G,G,G,G,G,G,G,G,G,G,G,G,G,G,G,G,G,G,G,G,G,G,G,G,G,G,G,G,G,G,G,G,G,G,G,G,G,G,G,G,G,G,G,G,G,G,G,G,G,G,G,G,G,G,G,G,G,G,G,G,G,G,G,G,G,G,G,G,G,G,G,G,G,G,G,G
provsql,provsql,https://pigsty.io/ext/e/provsql,G,G,G,G,G,G,G,G,G,G,G,G,G,G,G,G,G,G,G,G,G,G,G,G,G,G,G,G,G,G,G,G,G,G,G,G,G,G,G,G,G,G,G,G,G,G,G,G,G,G,G,G,G,G,G,G,G,G,G,G,G,G,G,G,G,G,G,G,G,G,G,G,G,G,G,G,G,G,G,G
orioledb,orioledb,https://pigsty.io/ext/e/orioledb,P,P,P,P,P,P,P,P,P,P,P,P,P,P,P,P,P,P,P,P,P,P,P,P,P,P,P,P,P,P,P,P,P,P,P,P,P,P,P,P,P,P,P,P,P,P,P,P,P,P,P,P,P,P,P,P,P,P,P,P,P,P,P,P,P,P,P,P,P,P,P,P,P,P,P,P,P,P,P,P
pg_cardano,pg_cardano,https://pigsty.io/ext/e/pg_cardano,.,G,G,G,G,.,G,G,G,G,.,G,G,G,G,.,G,G,G,G,.,G,G,G,G,.,G,G,G,G,G,G,G,G,G,G,G,G,G,G,G,G,G,G,G,G,G,G,G,G,G,G,G,G,G,G,G,G,G,G,G,G,G,G,G,G,G,G,G,G,.,G,G,G,G,.,G,G,G,G
rdkit,rdkit,https://pigsty.io/ext/e/rdkit,R,R,R,R,R,R,R,R,R,R,R,R,R,R,R,R,R,R,R,R,G,G,G,G,G,G,G,G,G,G,B,B,B,R,R,B,B,B,R,R,G,G,G,G,G,G,G,G,G,G,B,B,B,R,R,B,B,B,R,R,G,G,G,G,G,G,G,G,G,G,G,G,G,G,G,G,G,G,G,G
omnigres,omni,https://pigsty.io/ext/e/omni,G,G,G,G,R,G,G,G,G,R,G,G,G,G,R,G,G,G,G,R,R,R,R,R,R,R,R,R,R,R,G,G,G,G,R,G,G,G,G,R,G,G,G,G,G,G,G,G,G,G,G,G,G,G,R,G,G,G,G,R,G,G,G,G,G,G,G,G,G,G,G,G,G,G,G,G,G,G,G,G
pg_tle,pg_tle,https://pigsty.io/ext/e/pg_tle,G,G,G,G,G,G,G,G,G,G,B,B,B,B,B,B,B,B,B,B,B,B,B,B,B,B,B,B,B,B,G,G,G,G,G,G,G,G,G,G,G,G,G,G,G,G,G,G,G,G,G,G,G,G,G,G,G,G,G,G,G,G,G,G,G,G,G,G,G,G,G,G,G,G,G,G,G,G,G,G
plv8,plv8,https://pigsty.io/ext/e/plv8,G,G,G,G,G,G,G,G,G,G,G,G,G,G,G,G,G,G,G,G,G,G,G,G,G,G,G,G,G,G,G,G,G,G,G,G,G,G,G,G,G,G,G,G,G,G,G,G,G,G,G,G,G,G,G,G,G,G,G,G,G,G,G,G,G,G,G,G,G,G,G,G,G,G,G,G,G,G,G,G
pljs,pljs,https://pigsty.io/ext/e/pljs,G,G,G,G,G,G,G,G,G,G,G,G,G,G,G,G,G,G,G,G,G,G,G,G,G,G,G,G,G,G,B,B,B,B,B,B,B,B,B,B,B,B,B,B,B,B,B,B,B,B,B,B,B,B,B,B,B,B,B,B,B,B,B,B,B,B,B,B,B,B,B,B,B,B,B,B,B,B,B,B
pllua,pllua,https://pigsty.io/ext/e/pllua,B,B,B,B,R,R,R,B,B,R,B,B,B,B,R,B,B,B,B,R,B,B,B,B,R,B,B,B,B,R,B,B,B,B,B,B,B,B,B,B,B,B,B,B,B,B,B,B,B,B,B,B,B,B,B,B,B,B,B,B,B,B,B,B,B,B,B,B,B,B,B,B,B,B,B,B,B,B,B,B
plprql,plprql,https://pigsty.io/ext/e/plprql,G,G,G,G,G,G,G,G,G,G,G,G,G,G,G,G,G,G,G,G,G,G,G,G,G,G,G,G,G,G,G,G,G,G,G,G,G,G,G,G,G,G,G,G,G,G,G,G,G,G,G,G,G,G,G,G,G,G,G,G,G,G,G,G,G,G,G,G,G,G,G,G,G,G,G,G,G,G,G,G
pldebugger,pldbgapi,https://pigsty.io/ext/e/pldbgapi,B,B,B,B,B,B,B,B,B,B,B,B,B,B,B,B,B,B,B,B,B,B,B,B,B,B,B,B,B,B,B,B,B,B,B,B,B,B,B,B,B,B,B,B,B,B,B,B,B,B,B,B,B,B,B,B,B,B,B,B,B,B,B,B,B,B,B,B,B,B,B,B,B,B,B,B,B,B,B,B
plpgsql_check,plpgsql_check,https://pigsty.io/ext/e/plpgsql_check,G,G,G,G,G,G,G,G,G,G,G,G,G,G,G,G,G,G,G,G,G,G,G,G,G,G,G,G,G,G,B,B,B,B,B,B,B,B,B,B,B,B,B,B,B,B,B,B,B,B,B,B,B,B,B,B,B,B,B,B,B,B,B,B,B,B,B,B,B,B,B,B,B,B,B,B,B,B,B,B
plprofiler,plprofiler,https://pigsty.io/ext/e/plprofiler,B,B,B,B,B,B,B,B,B,B,B,B,B,B,B,B,B,B,B,B,B,B,B,B,B,B,B,B,B,B,B,B,B,B,B,B,B,B,B,B,B,B,B,B,B,B,B,B,B,B,B,B,B,B,B,B,B,B,B,B,B,B,B,B,B,B,B,B,B,B,B,B,B,B,B,B,B,B,B,B
plsh,plsh,https://pigsty.io/ext/e/plsh,B,B,B,B,B,B,B,B,B,B,B,B,B,B,B,B,B,B,B,B,B,B,B,B,B,B,B,B,B,B,B,B,B,B,B,B,B,B,B,B,B,B,B,B,B,B,B,B,B,B,B,B,B,B,B,B,B,B,B,B,B,B,B,B,B,B,B,B,B,B,B,B,B,B,B,B,B,B,B,B
pljava,pljava,https://pigsty.io/ext/e/pljava,B,B,B,B,B,B,B,B,B,B,B,B,B,B,B,B,B,B,B,B,B,B,B,B,B,B,B,B,B,B,B,B,B,B,R,B,B,B,B,R,B,B,B,B,R,B,B,B,B,R,B,B,B,B,R,B,B,B,B,R,B,B,B,B,R,B,B,B,B,R,R,R,R,R,R,R,R,R,R,R
plr,plr,https://pigsty.io/ext/e/plr,B,B,B,B,B,B,B,B,B,B,B,B,B,B,B,B,B,B,B,B,B,B,B,B,B,B,B,B,B,B,B,B,B,B,B,B,B,B,B,B,B,B,B,B,B,B,B,B,B,B,B,B,B,B,B,B,B,B,B,B,B,B,B,B,B,B,B,B,B,B,B,B,B,B,B,B,B,B,B,B
plxslt,plxslt,https://pigsty.io/ext/e/plxslt,B,B,B,B,B,B,B,B,B,B,B,B,B,B,B,B,B,B,B,B,B,B,B,B,B,B,B,B,B,B,G,G,G,G,G,G,G,G,G,G,G,G,G,G,G,G,G,G,G,G,G,G,G,G,G,G,G,G,G,G,G,G,G,G,G,G,G,G,G,G,G,G,G,G,G,G,G,G,G,G
pg_mockable,pg_mockable,https://pigsty.io/ext/e/pg_mockable,G,G,G,G,G,G,G,G,G,G,G,G,G,G,G,G,G,G,G,G,G,G,G,G,G,G,G,G,G,G,G,G,G,G,G,G,G,G,G,G,G,G,G,G,G,G,G,G,G,G,G,G,G,G,G,G,G,G,G,G,G,G,G,G,G,G,G,G,G,G,G,G,G,G,G,G,G,G,G,G
pgtap,pgtap,https://pigsty.io/ext/e/pgtap,B,B,B,B,B,B,B,B,B,B,B,B,B,B,B,B,B,B,B,B,B,B,B,B,B,B,B,B,B,B,B,B,B,B,B,B,B,B,B,B,B,B,B,B,B,B,B,B,B,B,B,B,B,B,B,B,B,B,B,B,B,B,B,B,B,B,B,B,B,B,B,B,B,B,B,B,B,B,B,B
faker,faker,https://pigsty.io/ext/e/faker,B,B,B,B,B,B,B,B,B,B,B,B,B,B,B,B,B,B,B,B,B,B,B,B,B,B,B,B,B,B,A,A,A,A,A,A,A,A,A,A,A,A,A,A,A,A,A,A,A,A,A,A,A,A,A,A,A,A,A,A,A,A,A,A,A,A,A,A,A,A,A,A,A,A,A,A,A,A,A,A
dbt2,dbt2,https://pigsty.io/ext/e/dbt2,B,B,B,R,R,B,B,B,R,R,B,B,B,B,B,B,B,B,B,B,B,B,B,B,B,B,B,B,B,B,A,A,A,A,A,A,A,A,A,A,A,A,A,A,A,A,A,A,A,A,A,A,A,A,A,A,A,A,A,A,A,A,A,A,A,A,A,A,A,A,A,A,A,A,A,A,A,A,A,A
pg_regresql,pg_regresql,https://pigsty.io/ext/e/pg_regresql,G,G,G,G,G,G,G,G,G,G,G,G,G,G,G,G,G,G,G,G,G,G,G,G,G,G,G,G,G,G,G,G,G,G,G,G,G,G,G,G,G,G,G,G,G,G,G,G,G,G,G,G,G,G,G,G,G,G,G,G,G,G,G,G,G,G,G,G,G,G,G,G,G,G,G,G,G,G,G,G
pg_prefix,prefix,https://pigsty.io/ext/e/prefix,G,G,G,G,G,G,G,G,G,G,G,G,G,G,G,G,G,G,G,G,G,G,G,G,G,G,G,G,G,G,B,B,B,B,B,B,B,B,B,B,B,B,B,B,B,B,B,B,B,B,B,B,B,B,B,B,B,B,B,B,B,B,B,B,B,B,B,B,B,B,B,B,B,B,B,B,B,B,B,B
pg_semver,semver,https://pigsty.io/ext/e/semver,G,G,G,G,G,G,G,G,G,G,G,G,G,G,G,G,G,G,G,G,G,G,G,G,G,G,G,G,G,G,B,B,B,B,B,B,B,B,B,B,B,B,B,B,B,B,B,B,B,B,B,B,B,B,B,B,B,B,B,B,B,B,B,B,B,B,B,B,B,B,B,B,B,B,B,B,B,B,B,B
pg_text_semver,pg_text_semver,https://pigsty.io/ext/e/pg_text_semver,G,G,G,G,G,G,G,G,G,G,G,G,G,G,G,G,G,G,G,G,G,G,G,G,G,G,G,G,G,G,G,G,G,G,G,G,G,G,G,G,G,G,G,G,G,G,G,G,G,G,G,G,G,G,G,G,G,G,G,G,G,G,G,G,G,G,G,G,G,G,G,G,G,G,G,G,G,G,G,G
pgunit,unit,https://pigsty.io/ext/e/unit,B,B,B,B,B,B,B,B,B,B,B,B,B,B,B,B,B,B,B,B,B,B,B,B,B,B,B,B,B,B,B,B,B,B,B,B,B,B,B,B,B,B,B,B,B,B,B,B,B,B,B,B,B,B,B,B,B,B,B,B,B,B,B,B,B,B,B,B,B,B,B,B,B,B,B,B,B,B,B,B
pgpdf,pgpdf,https://pigsty.io/ext/e/pgpdf,G,G,G,G,G,G,G,G,G,G,B,B,B,B,B,B,B,B,B,B,B,B,B,B,B,B,B,B,B,B,G,G,G,G,G,G,G,G,G,G,G,G,G,G,G,G,G,G,G,G,G,G,G,G,G,G,G,G,G,G,G,G,G,G,G,G,G,G,G,G,G,G,G,G,G,G,G,G,G,G
pglite_fusion,pglite_fusion,https://pigsty.io/ext/e/pglite_fusion,G,G,G,G,G,G,G,G,G,G,G,G,G,G,G,G,G,G,G,G,G,G,G,G,G,G,G,G,G,G,G,G,G,G,G,G,G,G,G,G,G,G,G,G,G,G,G,G,G,G,G,G,G,G,G,G,G,G,G,G,G,G,G,G,G,G,G,G,G,G,G,G,G,G,G,G,G,G,G,G
md5hash,md5hash,https://pigsty.io/ext/e/md5hash,G,G,G,G,G,G,G,G,G,G,G,G,G,G,G,G,G,G,G,G,G,G,G,G,G,G,G,G,G,G,G,G,G,G,G,G,G,G,G,G,G,G,G,G,G,G,G,G,G,G,G,G,G,G,G,G,G,G,G,G,G,G,G,G,G,G,G,G,G,G,G,G,G,G,G,G,G,G,G,G
asn1oid,asn1oid,https://pigsty.io/ext/e/asn1oid,G,G,G,G,G,G,G,G,G,G,G,G,G,G,G,G,G,G,G,G,G,G,G,G,G,G,G,G,G,G,B,B,B,B,B,B,B,B,B,B,B,B,B,B,B,B,B,B,B,B,B,B,B,B,B,B,B,B,B,B,B,B,B,B,B,B,B,B,B,B,B,B,B,B,B,B,B,B,B,B
pg_roaringbitmap,roaringbitmap,https://pigsty.io/ext/e/roaringbitmap,G,G,G,G,G,G,G,G,G,G,G,G,G,G,G,G,G,G,G,G,G,G,G,G,G,G,G,G,G,G,B,B,B,B,B,B,B,B,B,B,B,B,B,B,B,B,B,B,B,B,B,B,B,B,B,B,B,B,B,B,B,B,B,B,B,B,B,B,B,B,B,B,B,B,B,B,B,B,B,B
pgfaceting,pgfaceting,https://pigsty.io/ext/e/pgfaceting,G,G,G,G,G,G,G,G,G,G,G,G,G,G,G,G,G,G,G,G,B,B,B,B,B,B,B,B,B,B,B,B,B,B,B,B,B,B,B,B,B,B,B,B,B,B,B,B,B,B,B,B,B,B,B,B,B,B,B,B,B,B,B,B,B,B,B,B,B,B,B,B,B,B,B,B,B,B,B,B
pgsphere,pg_sphere,https://pigsty.io/ext/e/pg_sphere,G,G,G,G,G,G,G,G,G,G,G,G,G,G,G,G,G,G,G,G,G,G,G,G,G,G,G,G,G,G,B,B,B,B,B,B,B,B,B,B,B,B,B,B,B,B,B,B,B,B,B,B,B,B,B,B,B,B,B,B,B,B,B,B,B,B,B,B,B,B,B,B,B,B,B,B,B,B,B,B
pg_country,country,https://pigsty.io/ext/e/country,G,G,G,G,G,G,G,G,G,G,G,G,G,G,G,G,G,G,G,G,G,G,G,G,G,G,G,G,G,G,G,G,G,G,G,G,G,G,G,G,G,G,G,G,G,G,G,G,G,G,G,G,G,G,G,G,G,G,G,G,G,G,G,G,G,G,G,G,G,G,G,G,G,G,G,G,G,G,G,G
pg_xenophile,pg_xenophile,https://pigsty.io/ext/e/pg_xenophile,G,G,G,G,G,G,G,G,G,G,G,G,G,G,G,G,G,G,G,G,G,G,G,G,G,G,G,G,G,G,G,G,G,G,G,G,G,G,G,G,G,G,G,G,G,G,G,G,G,G,G,G,G,G,G,G,G,G,G,G,G,G,G,G,G,G,G,G,G,G,G,G,G,G,G,G,G,G,G,G
pg_currency,currency,https://pigsty.io/ext/e/currency,G,G,G,G,G,G,G,G,G,G,G,G,G,G,G,G,G,G,G,G,G,G,G,G,G,G,G,G,G,G,G,G,G,G,G,G,G,G,G,G,G,G,G,G,G,G,G,G,G,G,G,G,G,G,G,G,G,G,G,G,G,G,G,G,G,G,G,G,G,G,G,G,G,G,G,G,G,G,G,G
pgcollection,collection,https://pigsty.io/ext/e/collection,G,G,G,G,G,G,G,G,G,G,G,G,G,G,G,G,G,G,G,G,G,G,G,G,G,G,G,G,G,G,G,G,G,G,G,G,G,G,G,G,G,G,G,G,G,G,G,G,G,G,G,G,G,G,G,G,G,G,G,G,G,G,G,G,G,G,G,G,G,G,G,G,G,G,G,G,G,G,G,G
pgmp,pgmp,https://pigsty.io/ext/e/pgmp,B,B,B,B,B,B,B,B,B,B,B,B,B,B,B,B,B,B,B,B,B,B,B,B,B,B,B,B,B,B,B,B,B,B,B,B,B,B,B,B,B,B,B,B,B,B,B,B,B,B,B,B,B,B,B,B,B,B,B,B,B,B,B,B,B,B,B,B,B,B,B,B,B,B,B,B,B,B,B,B
numeral,numeral,https://pigsty.io/ext/e/numeral,G,G,G,G,G,G,G,G,G,G,G,G,G,G,G,G,G,G,G,G,G,G,G,G,G,G,G,G,G,G,B,B,B,B,B,B,B,B,B,B,B,B,B,B,B,B,B,B,B,B,B,B,B,B,B,B,B,B,B,B,B,B,B,B,B,B,B,B,B,B,B,B,B,B,B,B,B,B,B,B
pg_rational,pg_rational,https://pigsty.io/ext/e/pg_rational,G,G,G,G,G,G,G,G,G,G,G,G,G,G,G,G,G,G,G,G,G,G,G,G,G,G,G,G,G,G,B,B,B,B,B,B,B,B,B,B,B,B,B,B,B,B,B,B,B,B,B,B,B,B,B,B,B,B,B,B,B,B,B,B,B,B,B,B,B,B,B,B,B,B,B,B,B,B,B,B
pguint,uint,https://pigsty.io/ext/e/uint,G,G,G,G,G,G,G,G,G,G,G,B,B,B,B,G,B,B,B,B,G,B,B,B,B,G,B,B,B,B,G,G,G,G,G,G,G,G,G,G,G,G,G,G,G,G,G,G,G,G,G,G,G,G,G,G,G,G,G,G,G,G,G,G,G,G,G,G,G,G,G,G,G,G,G,G,G,G,G,G
pg_uint128,uint128,https://pigsty.io/ext/e/uint128,G,G,G,G,G,G,G,G,G,G,G,G,G,G,G,G,G,G,G,G,G,G,G,G,G,G,G,G,G,G,G,G,G,G,G,G,G,G,G,G,G,G,G,G,G,G,G,G,G,G,G,G,G,G,G,G,G,G,G,G,G,G,G,G,G,G,G,G,G,G,G,G,G,G,G,G,G,G,G,G
hashtypes,hashtypes,https://pigsty.io/ext/e/hashtypes,G,G,G,G,G,G,G,G,G,G,G,G,G,G,G,G,G,G,G,G,G,G,G,G,G,G,G,G,G,G,G,G,G,G,G,G,G,G,G,G,G,G,G,G,G,G,G,G,G,G,G,G,G,G,G,G,G,G,G,G,G,G,G,G,G,G,G,G,G,G,G,G,G,G,G,G,G,G,G,G
ip4r,ip4r,https://pigsty.io/ext/e/ip4r,B,B,B,B,B,B,B,B,B,B,B,B,B,B,B,B,B,B,B,B,B,B,B,B,B,B,B,B,B,B,B,B,B,B,B,B,B,B,B,B,B,B,B,B,B,B,B,B,B,B,B,B,B,B,B,B,B,B,B,B,B,B,B,B,B,B,B,B,B,B,B,B,B,B,B,B,B,B,B,B
pg_uri,uri,https://pigsty.io/ext/e/uri,G,G,G,G,G,G,G,G,G,G,G,G,G,G,G,G,G,G,G,G,G,G,G,G,G,G,G,G,G,G,G,G,G,G,G,G,G,G,G,G,G,G,G,G,G,G,G,G,G,G,G,G,G,G,G,G,G,G,G,G,G,G,G,G,G,G,G,G,G,G,G,G,G,G,G,G,G,G,G,G
pg_emailaddr,emailaddr,https://pigsty.io/ext/e/emailaddr,G,G,G,G,G,G,G,G,G,G,G,G,G,G,G,G,G,G,G,G,G,G,G,G,G,G,G,G,G,G,G,G,G,G,G,G,G,G,G,G,G,G,G,G,G,G,G,G,G,G,G,G,G,G,G,G,G,G,G,G,G,G,G,G,G,G,G,G,G,G,G,G,G,G,G,G,G,G,G,G
pg_acl,acl,https://pigsty.io/ext/e/acl,G,G,G,G,G,G,G,G,G,G,G,G,G,G,G,G,G,G,G,G,G,G,G,G,G,G,G,G,G,G,G,G,G,G,G,G,G,G,G,G,G,G,G,G,G,G,G,G,G,G,G,G,G,G,G,G,G,G,G,G,G,G,G,G,G,G,G,G,G,G,G,G,G,G,G,G,G,G,G,G
debversion,debversion,https://pigsty.io/ext/e/debversion,A,A,A,A,A,A,A,A,A,A,A,A,A,A,A,A,A,A,A,A,A,A,A,A,A,A,A,A,A,A,B,B,B,B,B,B,B,B,B,B,B,B,B,B,B,B,B,B,B,B,B,B,B,B,B,B,B,B,B,B,B,B,B,B,B,B,B,B,B,B,B,B,B,B,B,B,B,B,B,B
pg_duration,pg_duration,https://pigsty.io/ext/e/pg_duration,.,.,.,G,G,.,.,.,G,G,.,.,.,G,G,.,.,.,G,G,.,.,.,G,G,.,.,.,G,G,.,.,.,G,G,.,.,.,G,G,.,.,.,G,G,.,.,.,G,G,.,.,.,G,G,.,.,.,G,G,.,.,.,G,G,.,.,.,G,G,.,.,.,G,G,.,.,.,G,G
pg_bikram_sambat,pg_bikram_sambat,https://pigsty.io/ext/e/pg_bikram_sambat,G,G,G,G,G,G,G,G,G,G,G,G,G,G,G,G,G,G,G,G,G,G,G,G,G,G,G,G,G,G,G,G,G,G,G,G,G,G,G,G,G,G,G,G,G,G,G,G,G,G,G,G,G,G,G,G,G,G,G,G,G,G,G,G,G,G,G,G,G,G,G,G,G,G,G,G,G,G,G,G
pg_rrule,pg_rrule,https://pigsty.io/ext/e/pg_rrule,G,G,G,G,G,G,G,G,G,G,G,G,G,G,G,G,G,G,G,G,G,G,G,G,G,G,G,G,G,G,B,B,B,B,B,B,B,B,B,B,B,B,B,B,B,B,B,B,B,B,B,B,B,B,B,B,B,B,B,B,B,B,B,B,B,B,B,B,B,B,B,B,B,B,B,B,B,B,B,B
pgcalendar,pgcalendar,https://pigsty.io/ext/e/pgcalendar,G,G,G,G,G,G,G,G,G,G,G,G,G,G,G,G,G,G,G,G,G,G,G,G,G,G,G,G,G,G,G,G,G,G,G,G,G,G,G,G,G,G,G,G,G,G,G,G,G,G,G,G,G,G,G,G,G,G,G,G,G,G,G,G,G,G,G,G,G,G,G,G,G,G,G,G,G,G,G,G
timestamp9,timestamp9,https://pigsty.io/ext/e/timestamp9,B,B,B,B,B,B,B,B,B,B,B,B,B,B,B,B,B,B,B,B,B,B,B,B,B,B,B,B,B,B,B,B,B,B,B,B,B,B,B,B,B,B,B,B,B,B,B,B,B,B,B,B,B,B,B,B,B,B,B,B,B,B,B,B,B,B,B,B,B,B,B,B,B,B,B,B,B,B,B,B
pgbson,pgbson,https://pigsty.io/ext/e/pgbson,G,G,G,G,G,G,G,G,G,G,G,G,G,G,G,G,G,G,G,G,G,G,G,G,G,G,G,G,G,G,G,G,G,G,G,G,G,G,G,G,G,G,G,G,G,G,G,G,G,G,G,G,G,G,G,G,G,G,G,G,G,G,G,G,G,G,G,G,G,G,G,G,G,G,G,G,G,G,G,G
chkpass,chkpass,https://pigsty.io/ext/e/chkpass,G,G,G,G,G,G,G,G,G,G,G,G,G,G,G,G,G,G,G,G,G,G,G,G,G,G,G,G,G,G,G,G,G,G,G,G,G,G,G,G,G,G,G,G,G,G,G,G,G,G,G,G,G,G,G,G,G,G,G,G,G,G,G,G,G,G,G,G,G,G,G,G,G,G,G,G,G,G,G,G
pg_gzip,gzip,https://pigsty.io/ext/e/gzip,G,G,G,G,G,G,G,G,G,G,G,G,G,G,G,G,G,G,G,G,G,G,G,G,G,G,G,G,G,G,G,G,G,G,G,G,G,G,G,G,G,G,G,G,G,G,G,G,G,G,G,G,G,G,G,G,G,G,G,G,G,G,G,G,G,G,G,G,G,G,G,G,G,G,G,G,G,G,G,G
pg_bzip,bzip,https://pigsty.io/ext/e/bzip,G,G,G,G,G,G,G,G,G,G,G,G,G,G,G,G,G,G,G,G,G,G,G,G,G,G,G,G,G,G,G,G,G,G,G,G,G,G,G,G,G,G,G,G,G,G,G,G,G,G,G,G,G,G,G,G,G,G,G,G,G,G,G,G,G,G,G,G,G,G,G,G,G,G,G,G,G,G,G,G
pg_zstd,zstd,https://pigsty.io/ext/e/zstd,G,G,G,G,G,G,G,G,G,G,G,G,G,G,G,G,G,G,G,G,G,G,G,G,G,G,G,G,G,G,G,G,G,G,G,G,G,G,G,G,G,G,G,G,G,G,G,G,G,G,G,G,G,G,G,G,G,G,G,G,G,G,G,G,G,G,G,G,G,G,G,G,G,G,G,G,G,G,G,G
pg_http,http,https://pigsty.io/ext/e/http,G,G,G,G,G,G,G,G,G,G,G,G,G,G,G,G,G,G,G,G,G,G,G,G,G,G,G,G,G,G,B,B,B,B,B,B,B,B,B,B,B,B,B,B,B,B,B,B,B,B,B,B,B,B,B,B,B,B,B,B,B,B,B,B,B,B,B,B,B,B,B,B,B,B,B,B,B,B,B,B
pg_net,pg_net,https://pigsty.io/ext/e/pg_net,G,G,G,G,G,G,G,G,G,G,G,G,G,G,G,G,G,G,G,G,G,G,G,G,G,G,G,G,G,G,G,G,G,G,G,G,G,G,G,G,G,G,G,G,G,G,G,G,G,G,G,G,G,G,G,G,G,G,G,G,G,G,G,G,G,G,G,G,G,G,G,G,G,G,G,G,G,G,G,G
pg_curl,pg_curl,https://pigsty.io/ext/e/pg_curl,G,G,G,G,G,G,G,G,G,G,G,G,G,G,G,G,G,G,G,G,G,G,G,G,G,G,G,G,G,G,G,G,G,G,G,G,G,G,G,G,G,G,G,G,G,G,G,G,G,G,G,G,G,G,G,G,G,G,G,G,G,G,G,G,G,G,G,G,G,G,G,G,G,G,G,G,G,G,G,G
pg_retry,pg_retry,https://pigsty.io/ext/e/pg_retry,.,.,.,G,G,.,.,.,G,G,.,.,.,G,G,.,.,.,G,G,.,.,.,G,G,.,.,.,G,G,.,.,.,G,G,.,.,.,G,G,.,.,.,G,G,.,.,.,G,G,.,.,.,G,G,.,.,.,G,G,.,.,.,G,G,.,.,.,G,G,.,.,.,G,G,.,.,.,G,G
pg_fsql,pg_fsql,https://pigsty.io/ext/e/pg_fsql,G,G,G,G,G,G,G,G,G,G,G,G,G,G,G,G,G,G,G,G,G,G,G,G,G,G,G,G,G,G,G,G,G,G,G,G,G,G,G,G,G,G,G,G,G,G,G,G,G,G,G,G,G,G,G,G,G,G,G,G,G,G,G,G,G,G,G,G,G,G,G,G,G,G,G,G,G,G,G,G
pg_protobuf,pg_protobuf,https://pigsty.io/ext/e/pg_protobuf,G,G,G,G,G,G,G,G,G,G,G,G,G,G,G,G,G,G,G,G,G,G,G,G,G,G,G,G,G,G,G,G,G,G,G,G,G,G,G,G,G,G,G,G,G,G,G,G,G,G,G,G,G,G,G,G,G,G,G,G,G,G,G,G,G,G,G,G,G,G,G,G,G,G,G,G,G,G,G,G
pgproto,pgproto,https://pigsty.io/ext/e/pgproto,G,G,G,G,G,G,G,G,G,G,G,G,G,G,G,G,G,G,G,G,G,G,G,G,G,G,G,G,G,G,G,G,G,G,G,G,G,G,G,G,G,G,G,G,G,G,G,G,G,G,G,G,G,G,G,G,G,G,G,G,G,G,G,G,G,G,G,G,G,G,G,G,G,G,G,G,G,G,G,G
pglock,pglock,https://pigsty.io/ext/e/pglock,G,G,G,G,G,G,G,G,G,G,G,G,G,G,G,G,G,G,G,G,G,G,G,G,G,G,G,G,G,G,G,G,G,G,G,G,G,G,G,G,G,G,G,G,G,G,G,G,G,G,G,G,G,G,G,G,G,G,G,G,G,G,G,G,G,G,G,G,G,G,G,G,G,G,G,G,G,G,G,G
pgjq,pgjq,https://pigsty.io/ext/e/pgjq,G,G,G,G,G,G,G,G,G,G,G,G,G,G,G,G,G,G,G,G,G,G,G,G,G,G,G,G,G,G,G,G,G,G,G,G,G,G,G,G,G,G,G,G,G,G,G,G,G,G,G,G,G,G,G,G,G,G,G,G,G,G,G,G,G,G,G,G,G,G,G,G,G,G,G,G,G,G,G,G
pgjwt,pgjwt,https://pigsty.io/ext/e/pgjwt,G,G,G,G,G,G,G,G,G,G,G,G,G,G,G,G,G,G,G,G,G,G,G,G,G,G,G,G,G,G,G,G,G,G,G,G,G,G,G,G,G,G,G,G,G,G,G,G,G,G,G,G,G,G,G,G,G,G,G,G,G,G,G,G,G,G,G,G,G,G,G,G,G,G,G,G,G,G,G,G
pg_smtp_client,pg_smtp_client,https://pigsty.io/ext/e/pg_smtp_client,G,G,G,G,G,G,G,G,G,G,G,G,G,G,G,G,G,G,G,G,G,G,G,G,G,G,G,G,G,G,G,G,G,G,G,G,G,G,G,G,G,G,G,G,G,G,G,G,G,G,G,G,G,G,G,G,G,G,G,G,G,G,G,G,G,G,G,G,G,G,G,G,G,G,G,G,G,G,G,G
pg_html5_email_address,pg_html5_email_address,https://pigsty.io/ext/e/pg_html5_email_address,G,G,G,G,G,G,G,G,G,G,G,G,G,G,G,G,G,G,G,G,G,G,G,G,G,G,G,G,G,G,G,G,G,G,G,G,G,G,G,G,G,G,G,G,G,G,G,G,G,G,G,G,G,G,G,G,G,G,G,G,G,G,G,G,G,G,G,G,G,G,G,G,G,G,G,G,G,G,G,G
url_encode,url_encode,https://pigsty.io/ext/e/url_encode,G,G,G,G,G,G,G,G,G,G,G,G,G,G,G,G,G,G,G,G,G,G,G,G,G,G,G,G,G,G,G,G,G,G,G,G,G,G,G,G,G,G,G,G,G,G,G,G,G,G,G,G,G,G,G,G,G,G,G,G,G,G,G,G,G,G,G,G,G,G,G,G,G,G,G,G,G,G,G,G
pgsql_tweaks,pgsql_tweaks,https://pigsty.io/ext/e/pgsql_tweaks,G,G,G,G,G,G,G,G,G,G,G,G,G,G,G,G,G,G,G,G,G,G,G,G,G,G,G,G,G,G,G,G,G,G,G,G,G,G,G,G,G,G,G,G,G,G,G,G,G,G,G,G,G,G,G,G,G,G,G,G,G,G,G,G,G,G,G,G,G,G,G,G,G,G,G,G,G,G,G,G
pg_extra_time,pg_extra_time,https://pigsty.io/ext/e/pg_extra_time,G,G,G,G,G,G,G,G,G,G,G,G,G,G,G,G,G,G,G,G,G,G,G,G,G,G,G,G,G,G,G,G,G,G,G,G,G,G,G,G,G,G,G,G,G,G,G,G,G,G,G,G,G,G,G,G,G,G,G,G,G,G,G,G,G,G,G,G,G,G,G,G,G,G,G,G,G,G,G,G
pgpcre,pgpcre,https://pigsty.io/ext/e/pgpcre,G,G,G,G,B,G,G,G,G,B,B,B,B,B,B,B,B,B,B,B,B,B,B,B,B,B,B,B,B,B,B,B,B,B,B,B,B,B,B,B,B,B,B,B,B,B,B,B,B,B,B,B,B,B,B,B,B,B,B,B,B,B,B,B,B,B,B,B,B,B,B,B,B,B,B,B,B,B,B,B
re2,re2,https://pigsty.io/ext/e/re2,.,.,G,G,G,.,.,G,G,G,.,.,G,G,G,.,.,G,G,G,.,.,G,G,G,.,.,G,G,G,.,.,G,G,G,.,.,G,G,G,.,.,G,G,G,.,.,G,G,G,.,.,G,G,G,.,.,G,G,G,.,.,G,G,G,.,.,G,G,G,.,.,G,G,G,.,.,G,G,G
icu_ext,icu_ext,https://pigsty.io/ext/e/icu_ext,G,G,G,G,G,G,G,G,G,G,B,B,B,B,B,B,B,B,B,B,B,B,B,B,B,B,B,B,B,B,B,B,B,B,B,B,B,B,B,B,B,B,B,B,B,B,B,B,B,B,B,B,B,B,B,B,B,B,B,B,B,B,B,B,B,B,B,B,B,B,B,B,B,B,B,B,B,B,B,B
pgqr,pgqr,https://pigsty.io/ext/e/pgqr,G,G,G,G,G,G,G,G,G,G,G,G,G,G,G,G,G,G,G,G,G,G,G,G,G,G,G,G,G,G,G,G,G,G,G,G,G,G,G,G,G,G,G,G,G,G,G,G,G,G,G,G,G,G,G,G,G,G,G,G,G,G,G,G,G,G,G,G,G,G,G,G,G,G,G,G,G,G,G,G
pg_envvar,envvar,https://pigsty.io/ext/e/envvar,G,G,G,G,G,G,G,G,G,G,G,G,G,G,G,G,G,G,G,G,G,G,G,G,G,G,G,G,G,G,G,G,G,G,G,G,G,G,G,G,G,G,G,G,G,G,G,G,G,G,G,G,G,G,G,G,G,G,G,G,G,G,G,G,G,G,G,G,G,G,G,G,G,G,G,G,G,G,G,G
pg_byteamagic,byteamagic,https://pigsty.io/ext/e/byteamagic,G,G,G,G,G,G,G,G,G,G,G,G,G,G,G,G,G,G,G,G,G,G,G,G,G,G,G,G,G,G,G,G,G,G,G,G,G,G,G,G,G,G,G,G,G,G,G,G,G,G,G,G,G,G,G,G,G,G,G,G,G,G,G,G,G,G,G,G,G,G,G,G,G,G,G,G,G,G,G,G
floatfile,floatfile,https://pigsty.io/ext/e/floatfile,G,G,G,G,G,G,G,G,G,G,G,G,G,G,G,G,G,G,G,G,G,G,G,G,G,G,G,G,G,G,G,G,G,G,G,G,G,G,G,G,G,G,G,G,G,G,G,G,G,G,G,G,G,G,G,G,G,G,G,G,G,G,G,G,G,G,G,G,G,G,G,G,G,G,G,G,G,G,G,G
external_file,external_file,https://pigsty.io/ext/e/external_file,G,G,G,G,G,G,G,G,G,G,G,G,G,G,G,G,G,G,G,G,G,G,G,G,G,G,G,G,G,G,G,G,G,G,G,G,G,G,G,G,G,G,G,G,G,G,G,G,G,G,G,G,G,G,G,G,G,G,G,G,G,G,G,G,G,G,G,G,G,G,G,G,G,G,G,G,G,G,G,G
pg_render,pg_render,https://pigsty.io/ext/e/pg_render,G,G,G,G,G,G,G,G,G,G,G,G,G,G,G,G,G,G,G,G,G,G,G,G,G,G,G,G,G,G,G,G,G,G,G,G,G,G,G,G,G,G,G,G,G,G,G,G,G,G,G,G,G,G,G,G,G,G,G,G,G,G,G,G,G,G,G,G,G,G,G,G,G,G,G,G,G,G,G,G
pg_readme,pg_readme,https://pigsty.io/ext/e/pg_readme,B,B,B,B,B,B,B,B,B,B,B,B,B,B,B,B,B,B,B,B,B,B,B,B,B,B,B,B,B,B,G,G,G,G,G,G,G,G,G,G,G,G,G,G,G,G,G,G,G,G,G,G,G,G,G,G,G,G,G,G,G,G,G,G,G,G,G,G,G,G,G,G,G,G,G,G,G,G,G,G
ddl_historization,ddl_historization,https://pigsty.io/ext/e/ddl_historization,G,G,G,G,G,G,G,G,G,G,G,G,G,G,G,G,G,G,G,G,G,G,G,G,G,G,G,G,G,G,G,G,G,G,G,G,G,G,G,G,G,G,G,G,G,G,G,G,G,G,G,G,G,G,G,G,G,G,G,G,G,G,G,G,G,G,G,G,G,G,G,G,G,G,G,G,G,G,G,G
data_historization,data_historization,https://pigsty.io/ext/e/data_historization,G,G,G,G,G,G,G,G,G,G,G,G,G,G,G,G,G,G,G,G,G,G,G,G,G,G,G,G,G,G,G,G,G,G,G,G,G,G,G,G,G,G,G,G,G,G,G,G,G,G,G,G,G,G,G,G,G,G,G,G,G,G,G,G,G,G,G,G,G,G,G,G,G,G,G,G,G,G,G,G
pg_schedoc,schedoc,https://pigsty.io/ext/e/schedoc,G,G,G,G,G,G,G,G,G,G,G,G,G,G,G,G,G,G,G,G,G,G,G,G,G,G,G,G,G,G,G,G,G,G,G,G,G,G,G,G,G,G,G,G,G,G,G,G,G,G,G,G,G,G,G,G,G,G,G,G,G,G,G,G,G,G,G,G,G,G,G,G,G,G,G,G,G,G,G,G
pg_isok,pg_isok,https://pigsty.io/ext/e/pg_isok,G,G,G,G,G,G,G,G,G,G,G,G,G,G,G,G,G,G,G,G,G,G,G,G,G,G,G,G,G,G,G,G,G,G,G,G,G,G,G,G,G,G,G,G,G,G,G,G,G,G,G,G,G,G,G,G,G,G,G,G,G,G,G,G,G,G,G,G,G,G,G,G,G,G,G,G,G,G,G,G
pg_hashlib,hashlib,https://pigsty.io/ext/e/hashlib,G,G,G,G,G,G,G,G,G,G,G,G,G,G,G,G,G,G,G,G,G,G,G,G,G,G,G,G,G,G,G,G,G,G,G,G,G,G,G,G,G,G,G,G,G,G,G,G,G,G,G,G,G,G,G,G,G,G,G,G,G,G,G,G,G,G,G,G,G,G,G,G,G,G,G,G,G,G,G,G
pg_xxhash,xxhash,https://pigsty.io/ext/e/xxhash,G,G,G,G,G,G,G,G,G,G,G,G,G,G,G,G,G,G,G,G,G,G,G,G,G,G,G,G,G,G,G,G,G,G,G,G,G,G,G,G,G,G,G,G,G,G,G,G,G,G,G,G,G,G,G,G,G,G,G,G,G,G,G,G,G,G,G,G,G,G,G,G,G,G,G,G,G,G,G,G
shacrypt,shacrypt,https://pigsty.io/ext/e/shacrypt,G,G,G,G,G,G,G,G,G,G,G,G,G,G,G,G,G,G,G,G,G,G,G,G,G,G,G,G,G,G,G,G,G,G,G,G,G,G,G,G,G,G,G,G,G,G,G,G,G,G,G,G,G,G,G,G,G,G,G,G,G,G,G,G,G,G,G,G,G,G,G,G,G,G,G,G,G,G,G,G
cryptint,cryptint,https://pigsty.io/ext/e/cryptint,G,G,G,G,G,G,G,G,G,G,G,G,G,G,G,G,G,G,G,G,G,G,G,G,G,G,G,G,G,G,G,G,G,G,G,G,G,G,G,G,G,G,G,G,G,G,G,G,G,G,G,G,G,G,G,G,G,G,G,G,G,G,G,G,G,G,G,G,G,G,G,G,G,G,G,G,G,G,G,G
pg_ecdsa,pguecc,https://pigsty.io/ext/e/pguecc,G,G,G,G,G,G,G,G,G,G,G,G,G,G,G,G,G,G,G,G,G,G,G,G,G,G,G,G,G,G,G,G,G,G,G,G,G,G,G,G,G,G,G,G,G,G,G,G,G,G,G,G,G,G,G,G,G,G,G,G,G,G,G,G,G,G,G,G,G,G,G,G,G,G,G,G,G,G,G,G
pgsparql,sparql,https://pigsty.io/ext/e/sparql,G,G,G,G,G,G,G,G,G,G,G,G,G,G,G,G,G,G,G,G,G,G,G,G,G,G,G,G,G,G,G,G,G,G,G,G,G,G,G,G,G,G,G,G,G,G,G,G,G,G,G,G,G,G,G,G,G,G,G,G,G,G,G,G,G,G,G,G,G,G,G,G,G,G,G,G,G,G,G,G
pg_idkit,pg_idkit,https://pigsty.io/ext/e/pg_idkit,G,G,G,G,G,G,G,G,G,G,G,G,G,G,G,G,G,G,G,G,G,G,G,G,G,G,G,G,G,G,G,G,G,G,G,G,G,G,G,G,G,G,G,G,G,G,G,G,G,G,G,G,G,G,G,G,G,G,G,G,G,G,G,G,G,G,G,G,G,G,G,G,G,G,G,G,G,G,G,G
pgx_ulid,pgx_ulid,https://pigsty.io/ext/e/pgx_ulid,G,G,G,G,G,G,G,G,G,G,G,G,G,G,G,G,G,G,G,G,G,G,G,G,G,G,G,G,G,G,G,G,G,G,G,G,G,G,G,G,G,G,G,G,G,G,G,G,G,G,G,G,G,G,G,G,G,G,G,G,G,G,G,G,G,G,G,G,G,G,G,G,G,G,G,G,G,G,G,G
pg_uuidv7,pg_uuidv7,https://pigsty.io/ext/e/pg_uuidv7,B,B,B,B,B,B,B,B,B,B,B,B,B,B,B,B,B,B,B,B,B,B,B,B,B,B,B,B,B,B,B,B,B,B,B,B,B,B,B,B,B,B,B,B,B,B,B,B,B,B,B,B,B,B,B,B,B,B,B,B,B,B,B,B,B,B,B,B,B,B,B,B,B,B,B,B,B,B,B,B
pg_uuid_v8,pg_uuid_v8,https://pigsty.io/ext/e/pg_uuid_v8,G,G,G,G,G,G,G,G,G,G,G,G,G,G,G,G,G,G,G,G,G,G,G,G,G,G,G,G,G,G,G,G,G,G,G,G,G,G,G,G,G,G,G,G,G,G,G,G,G,G,G,G,G,G,G,G,G,G,G,G,G,G,G,G,G,G,G,G,G,G,G,G,G,G,G,G,G,G,G,G
permuteseq,permuteseq,https://pigsty.io/ext/e/permuteseq,G,G,G,G,G,G,G,G,G,G,G,G,G,G,G,G,G,G,G,G,G,G,G,G,G,G,G,G,G,G,G,G,G,G,G,G,G,G,G,G,G,G,G,G,G,G,G,G,G,G,G,G,G,G,G,G,G,G,G,G,G,G,G,G,G,G,G,G,G,G,G,G,G,G,G,G,G,G,G,G
pg_hashids,pg_hashids,https://pigsty.io/ext/e/pg_hashids,G,G,G,G,G,G,G,G,G,G,G,G,G,G,G,G,G,G,G,G,G,G,G,G,G,G,G,G,G,G,G,G,G,G,G,G,G,G,G,G,G,G,G,G,G,G,G,G,G,G,G,G,G,G,G,G,G,G,G,G,G,G,G,G,G,G,G,G,G,G,G,G,G,G,G,G,G,G,G,G
pg_slug_gen,pg_slug_gen,https://pigsty.io/ext/e/pg_slug_gen,.,G,G,G,G,.,G,G,G,G,.,G,G,G,G,.,G,G,G,G,.,G,G,G,G,.,G,G,G,G,.,G,G,G,G,.,G,G,G,G,.,G,G,G,G,.,G,G,G,G,.,G,G,G,G,.,G,G,G,G,.,G,G,G,G,.,G,G,G,G,.,G,G,G,G,.,G,G,G,G
sequential_uuids,sequential_uuids,https://pigsty.io/ext/e/sequential_uuids,G,G,G,G,G,G,G,G,G,G,B,B,B,B,B,B,B,B,B,B,B,B,B,B,B,B,B,B,B,B,G,G,G,G,G,G,G,G,G,G,G,G,G,G,G,G,G,G,G,G,G,G,G,G,G,G,G,G,G,G,G,G,G,G,G,G,G,G,G,G,G,G,G,G,G,G,G,G,G,G
pg_typeid,typeid,https://pigsty.io/ext/e/typeid,G,G,G,G,G,G,G,G,G,G,G,G,G,G,G,G,G,G,G,G,G,G,G,G,G,G,G,G,G,G,G,G,G,G,G,G,G,G,G,G,G,G,G,G,G,G,G,G,G,G,G,G,G,G,G,G,G,G,G,G,G,G,G,G,G,G,G,G,G,G,G,G,G,G,G,G,G,G,G,G
snowflake,snowflake,https://pigsty.io/ext/e/snowflake,P,P,P,P,P,P,P,P,P,P,P,P,P,P,P,P,P,P,P,P,P,P,P,P,P,P,P,P,P,P,P,P,P,P,P,P,P,P,P,P,P,P,P,P,P,P,P,P,P,P,P,P,P,P,P,P,P,P,P,P,P,P,P,P,P,P,P,P,P,P,P,P,P,P,P,P,P,P,P,P
topn,topn,https://pigsty.io/ext/e/topn,B,B,B,B,B,B,B,B,B,B,B,B,B,B,B,B,B,B,B,B,B,B,B,B,B,B,B,B,B,B,G,G,G,G,G,G,G,G,G,G,G,G,G,G,G,G,G,G,G,G,G,G,G,G,G,G,G,G,G,G,G,G,G,G,G,G,G,G,G,G,G,G,G,G,G,G,G,G,G,G
quantile,quantile,https://pigsty.io/ext/e/quantile,G,G,G,G,G,G,G,G,G,G,G,G,G,G,G,G,G,G,G,G,G,G,G,G,G,G,G,G,G,G,G,G,G,G,G,G,G,G,G,G,G,G,G,G,G,G,G,G,G,G,G,G,G,G,G,G,G,G,G,G,G,G,G,G,G,G,G,G,G,G,G,G,G,G,G,G,G,G,G,G
lower_quantile,lower_quantile,https://pigsty.io/ext/e/lower_quantile,G,G,G,G,G,G,G,G,G,G,G,G,G,G,G,G,G,G,G,G,G,G,G,G,G,G,G,G,G,G,G,G,G,G,G,G,G,G,G,G,G,G,G,G,G,G,G,G,G,G,G,G,G,G,G,G,G,G,G,G,G,G,G,G,G,G,G,G,G,G,G,G,G,G,G,G,G,G,G,G
count_distinct,count_distinct,https://pigsty.io/ext/e/count_distinct,G,G,G,G,G,G,G,G,G,G,B,B,B,B,B,B,B,B,B,B,B,B,B,B,B,B,B,B,B,B,G,G,G,G,G,G,G,G,G,G,G,G,G,G,G,G,G,G,G,G,G,G,G,G,G,G,G,G,G,G,G,G,G,G,G,G,G,G,G,G,G,G,G,G,G,G,G,G,G,G
omnisketch,omnisketch,https://pigsty.io/ext/e/omnisketch,G,G,G,G,G,G,G,G,G,G,G,G,G,G,G,G,G,G,G,G,G,G,G,G,G,G,G,G,G,G,G,G,G,G,G,G,G,G,G,G,G,G,G,G,G,G,G,G,G,G,G,G,G,G,G,G,G,G,G,G,G,G,G,G,G,G,G,G,G,G,G,G,G,G,G,G,G,G,G,G
ddsketch,ddsketch,https://pigsty.io/ext/e/ddsketch,G,G,G,G,G,G,G,G,G,G,G,G,G,G,G,G,G,G,G,G,G,G,G,G,G,G,G,G,G,G,G,G,G,G,G,G,G,G,G,G,G,G,G,G,G,G,G,G,G,G,G,G,G,G,G,G,G,G,G,G,G,G,G,G,G,G,G,G,G,G,G,G,G,G,G,G,G,G,G,G
vasco,vasco,https://pigsty.io/ext/e/vasco,G,G,G,G,G,G,G,G,G,G,G,G,G,G,G,G,G,G,G,G,G,G,G,G,G,G,G,G,G,G,G,G,G,G,G,G,G,G,G,G,G,G,G,G,G,G,G,G,G,G,G,G,G,G,G,G,G,G,G,G,G,G,G,G,G,G,G,G,G,G,G,G,G,G,G,G,G,G,G,G
pgxicor,xicor,https://pigsty.io/ext/e/xicor,G,G,G,G,G,G,G,G,G,G,G,G,G,G,G,G,G,G,G,G,G,G,G,G,G,G,G,G,G,G,G,G,G,G,G,G,G,G,G,G,G,G,G,G,G,G,G,G,G,G,G,G,G,G,G,G,G,G,G,G,G,G,G,G,G,G,G,G,G,G,G,G,G,G,G,G,G,G,G,G
pg_weighted_statistics,weighted_statistics,https://pigsty.io/ext/e/weighted_statistics,G,G,G,G,G,G,G,G,G,G,G,G,G,G,G,G,G,G,G,G,G,G,G,G,G,G,G,G,G,G,G,G,G,G,G,G,G,G,G,G,G,G,G,G,G,G,G,G,G,G,G,G,G,G,G,G,G,G,G,G,G,G,G,G,G,G,G,G,G,G,G,G,G,G,G,G,G,G,G,G
datasketches,datasketches,https://pigsty.io/ext/e/datasketches,G,G,G,G,G,G,G,G,G,G,G,G,G,G,G,G,G,G,G,G,G,G,G,G,G,G,G,G,G,G,G,G,G,G,G,G,G,G,G,G,G,G,G,G,G,G,G,G,G,G,G,G,G,G,G,G,G,G,G,G,G,G,G,G,G,G,G,G,G,G,G,G,G,G,G,G,G,G,G,G
tdigest,tdigest,https://pigsty.io/ext/e/tdigest,B,B,B,B,B,B,B,B,B,B,B,B,B,B,B,B,B,B,B,B,B,B,B,B,B,B,B,B,B,B,B,B,B,B,B,B,B,B,B,B,B,B,B,B,B,B,B,B,B,B,B,B,B,B,B,B,B,B,B,B,B,B,B,B,B,B,B,B,B,B,B,B,B,B,B,B,B,B,B,B
first_last_agg,first_last_agg,https://pigsty.io/ext/e/first_last_agg,G,G,G,G,G,G,G,G,G,G,G,G,G,G,G,G,G,G,G,G,G,G,G,G,G,G,G,G,G,G,B,B,B,B,B,B,B,B,B,B,B,B,B,B,B,B,B,B,B,B,B,B,B,B,B,B,B,B,B,B,B,B,B,B,B,B,B,B,B,B,B,B,B,B,B,B,B,B,B,B
extra_window_functions,extra_window_functions,https://pigsty.io/ext/e/extra_window_functions,B,B,B,B,B,B,B,B,B,B,B,B,B,B,B,B,B,B,B,B,B,B,B,B,B,B,B,B,B,B,B,B,B,B,B,B,B,B,B,B,B,B,B,B,B,B,B,B,B,B,B,B,B,B,B,B,B,B,B,B,B,B,B,B,B,B,B,B,B,B,B,B,B,B,B,B,B,B,B,B
floatvec,floatvec,https://pigsty.io/ext/e/floatvec,G,G,G,G,G,G,G,G,G,G,G,G,G,G,G,G,G,G,G,G,G,G,G,G,G,G,G,G,G,G,G,G,G,G,G,G,G,G,G,G,G,G,G,G,G,G,G,G,G,G,G,G,G,G,G,G,G,G,G,G,G,G,G,G,G,G,G,G,G,G,G,G,G,G,G,G,G,G,G,G
aggs_for_vecs,aggs_for_vecs,https://pigsty.io/ext/e/aggs_for_vecs,G,G,G,G,G,G,G,G,G,G,G,G,G,G,G,G,G,G,G,G,G,G,G,G,G,G,G,G,G,G,G,G,G,G,G,G,G,G,G,G,G,G,G,G,G,G,G,G,G,G,G,G,G,G,G,G,G,G,G,G,G,G,G,G,G,G,G,G,G,G,G,G,G,G,G,G,G,G,G,G
aggs_for_arrays,aggs_for_arrays,https://pigsty.io/ext/e/aggs_for_arrays,G,G,G,G,G,G,G,G,G,G,G,G,G,G,G,G,G,G,G,G,G,G,G,G,G,G,G,G,G,G,G,G,G,G,G,G,G,G,G,G,G,G,G,G,G,G,G,G,G,G,G,G,G,G,G,G,G,G,G,G,G,G,G,G,G,G,G,G,G,G,G,G,G,G,G,G,G,G,G,G
pg_csv,pg_csv,https://pigsty.io/ext/e/pg_csv,B,B,B,B,B,B,B,B,B,B,B,B,B,B,B,B,B,B,B,B,B,B,B,B,B,B,B,B,B,B,B,B,B,B,B,B,B,B,B,B,B,B,B,B,B,B,B,B,B,B,B,B,B,B,B,B,B,B,B,B,B,B,B,B,B,B,B,B,B,B,B,B,B,B,B,B,B,B,B,B
pg_arraymath,arraymath,https://pigsty.io/ext/e/arraymath,G,G,G,G,G,G,G,G,G,G,G,G,G,G,G,G,G,G,G,G,G,G,G,G,G,G,G,G,G,G,G,G,G,G,G,G,G,G,G,G,G,G,G,G,G,G,G,G,G,G,G,G,G,G,G,G,G,G,G,G,G,G,G,G,G,G,G,G,G,G,G,G,G,G,G,G,G,G,G,G
pg_math,pg_math,https://pigsty.io/ext/e/pg_math,G,G,G,G,G,G,G,G,G,G,G,G,G,G,G,G,G,G,G,G,G,G,G,G,G,G,G,G,G,G,G,G,G,G,G,G,G,G,G,G,G,G,G,G,G,G,G,G,G,G,G,G,G,G,G,G,G,G,G,G,G,G,G,G,G,G,G,G,G,G,G,G,G,G,G,G,G,G,G,G
pg_random,random,https://pigsty.io/ext/e/random,G,G,G,G,G,G,G,G,G,G,G,G,G,G,G,G,G,G,G,G,G,G,G,G,G,G,G,G,G,G,G,G,G,G,G,G,G,G,G,G,G,G,G,G,G,G,G,G,G,G,G,G,G,G,G,G,G,G,G,G,G,G,G,G,G,G,G,G,G,G,G,G,G,G,G,G,G,G,G,G
pg_base36,base36,https://pigsty.io/ext/e/base36,G,G,G,G,G,G,G,G,G,G,G,G,G,G,G,G,G,G,G,G,G,G,G,G,G,G,G,G,G,G,G,G,G,G,G,G,G,G,G,G,G,G,G,G,G,G,G,G,G,G,G,G,G,G,G,G,G,G,G,G,G,G,G,G,G,G,G,G,G,G,G,G,G,G,G,G,G,G,G,G
pg_base62,base62,https://pigsty.io/ext/e/base62,G,G,G,G,G,G,G,G,G,G,G,G,G,G,G,G,G,G,G,G,G,G,G,G,G,G,G,G,G,G,G,G,G,G,G,G,G,G,G,G,G,G,G,G,G,G,G,G,G,G,G,G,G,G,G,G,G,G,G,G,G,G,G,G,G,G,G,G,G,G,G,G,G,G,G,G,G,G,G,G
pg_base58,pg_base58,https://pigsty.io/ext/e/pg_base58,G,G,G,G,G,G,G,G,G,G,G,G,G,G,G,G,G,G,G,G,G,G,G,G,G,G,G,G,G,G,G,G,G,G,G,G,G,G,G,G,G,G,G,G,G,G,G,G,G,G,G,G,G,G,G,G,G,G,G,G,G,G,G,G,G,G,G,G,G,G,G,G,G,G,G,G,G,G,G,G
pg_financial,financial,https://pigsty.io/ext/e/financial,G,G,G,G,G,G,G,G,G,G,G,G,G,G,G,G,G,G,G,G,G,G,G,G,G,G,G,G,G,G,G,G,G,G,G,G,G,G,G,G,G,G,G,G,G,G,G,G,G,G,G,G,G,G,G,G,G,G,G,G,G,G,G,G,G,G,G,G,G,G,G,G,G,G,G,G,G,G,G,G
pg_accumulator,pg_accumulator,https://pigsty.io/ext/e/pg_accumulator,G,G,G,G,G,G,G,G,G,G,G,G,G,G,G,G,G,G,G,G,G,G,G,G,G,G,G,G,G,G,G,G,G,G,G,G,G,G,G,G,G,G,G,G,G,G,G,G,G,G,G,G,G,G,G,G,G,G,G,G,G,G,G,G,G,G,G,G,G,G,G,G,G,G,G,G,G,G,G,G
pg_convert,convert,https://pigsty.io/ext/e/convert,G,G,G,G,G,G,G,G,G,G,G,G,G,G,G,G,G,G,G,G,G,G,G,G,G,G,G,G,G,G,G,G,G,G,G,G,G,G,G,G,G,G,G,G,G,G,G,G,G,G,G,G,G,G,G,G,G,G,G,G,G,G,G,G,G,G,G,G,G,G,G,G,G,G,G,G,G,G,G,G
parray_gin,parray_gin,https://pigsty.io/ext/e/parray_gin,G,G,G,G,G,G,G,G,G,G,G,G,G,G,G,G,G,G,G,G,G,G,G,G,G,G,G,G,G,G,G,G,G,G,G,G,G,G,G,G,G,G,G,G,G,G,G,G,G,G,G,G,G,G,G,G,G,G,G,G,G,G,G,G,G,G,G,G,G,G,G,G,G,G,G,G,G,G,G,G
pg_repack,pg_repack,https://pigsty.io/ext/e/pg_repack,B,B,B,B,B,B,B,B,B,B,B,B,B,B,B,B,B,B,B,B,B,B,B,B,B,B,B,B,B,B,B,B,B,B,B,B,B,B,B,B,B,B,B,B,B,B,B,B,B,B,B,B,B,B,B,B,B,B,B,B,B,B,B,B,B,B,B,B,B,B,B,B,B,B,B,B,B,B,B,B
pg_rewrite,pg_rewrite,https://pigsty.io/ext/e/pg_rewrite,B,B,B,B,B,B,B,B,B,B,B,B,B,B,B,B,B,B,B,B,B,B,B,B,B,B,B,B,B,B,B,B,B,B,B,B,B,B,B,B,B,B,B,B,B,B,B,B,B,B,B,B,B,B,B,B,B,B,B,B,B,B,B,B,B,B,B,B,B,B,B,B,B,B,B,B,B,B,B,B
pg_query_rewrite,pg_query_rewrite,https://pigsty.io/ext/e/pg_query_rewrite,G,G,G,G,G,G,G,G,G,G,G,G,G,G,G,G,G,G,G,G,G,G,G,G,G,G,G,G,G,G,G,G,G,G,G,G,G,G,G,G,G,G,G,G,G,G,G,G,G,G,G,G,G,G,G,G,G,G,G,G,G,G,G,G,G,G,G,G,G,G,G,G,G,G,G,G,G,G,G,G
pg_squeeze,pg_squeeze,https://pigsty.io/ext/e/pg_squeeze,B,B,B,B,B,B,B,B,B,B,B,B,B,B,B,B,B,B,B,B,B,B,B,B,B,B,B,B,B,B,B,B,B,B,B,B,B,B,B,B,B,B,B,B,B,B,B,B,B,B,B,B,B,B,B,B,B,B,B,B,B,B,B,B,B,B,B,B,B,B,B,B,B,B,B,B,B,B,B,B
pg_dirtyread,pg_dirtyread,https://pigsty.io/ext/e/pg_dirtyread,G,G,G,G,G,G,G,G,G,G,G,G,G,G,G,G,G,G,G,G,G,G,G,G,G,G,G,G,G,G,B,B,B,B,B,B,B,B,B,B,B,B,B,B,B,B,B,B,B,B,B,B,B,B,B,B,B,B,B,B,B,B,B,B,B,B,B,B,B,B,B,B,B,B,B,B,B,B,B,B
pgfincore,pgfincore,https://pigsty.io/ext/e/pgfincore,G,G,G,G,G,G,G,G,G,G,G,G,G,G,G,G,G,G,G,G,G,G,G,G,G,G,G,G,G,G,B,B,B,B,B,B,B,B,B,B,B,B,B,B,B,B,B,B,B,B,B,B,B,B,B,B,B,B,B,B,B,B,B,B,B,B,B,B,B,B,B,B,B,B,B,B,B,B,B,B
pg_cooldown,pg_cooldown,https://pigsty.io/ext/e/pg_cooldown,G,G,G,G,G,G,G,G,G,G,G,G,G,G,G,G,G,G,G,G,G,G,G,G,G,G,G,G,G,G,G,G,G,G,G,G,G,G,G,G,G,G,G,G,G,G,G,G,G,G,G,G,G,G,G,G,G,G,G,G,G,G,G,G,G,G,G,G,G,G,G,G,G,G,G,G,G,G,G,G
pg_ddlx,ddlx,https://pigsty.io/ext/e/ddlx,G,G,G,G,B,G,G,G,G,B,B,B,B,B,B,B,B,B,B,B,B,B,B,B,B,B,B,B,B,B,G,G,G,G,G,G,G,G,G,G,G,G,G,G,G,G,G,G,G,G,G,G,G,G,G,G,G,G,G,G,G,G,G,G,G,G,G,G,G,G,G,G,G,G,G,G,G,G,G,G
pglinter,pglinter,https://pigsty.io/ext/e/pglinter,G,G,G,G,G,G,G,G,G,G,G,G,G,G,G,G,G,G,G,G,G,G,G,G,G,G,G,G,G,G,G,G,G,G,G,G,G,G,G,G,G,G,G,G,G,G,G,G,G,G,G,G,G,G,G,G,G,G,G,G,G,G,G,G,G,G,G,G,G,G,G,G,G,G,G,G,G,G,G,G
pg_prioritize,prioritize,https://pigsty.io/ext/e/prioritize,B,B,B,B,B,B,B,B,B,B,B,B,B,B,B,B,B,B,B,B,B,B,B,B,B,B,B,B,B,B,B,B,B,B,B,B,B,B,B,B,B,B,B,B,B,B,B,B,B,B,B,B,B,B,B,B,B,B,B,B,B,B,B,B,B,B,B,B,B,B,B,B,B,B,B,B,B,B,B,B
pg_checksums,pg_checksums,https://pigsty.io/ext/e/pg_checksums,B,B,B,B,B,B,B,B,B,B,B,B,B,B,B,B,B,B,B,B,B,B,B,B,B,B,B,B,B,B,B,B,B,B,B,B,B,B,B,B,B,B,B,B,B,B,B,B,B,B,B,B,B,B,B,B,B,B,B,B,B,B,B,B,B,B,B,B,B,B,B,B,B,B,B,B,B,B,B,B
pg_readonly,pg_readonly,https://pigsty.io/ext/e/pg_readonly,B,B,B,B,B,B,B,B,B,B,B,B,B,B,B,B,B,B,B,B,B,B,B,B,B,B,B,B,B,B,G,G,G,G,G,G,G,G,G,G,G,G,G,G,G,G,G,G,G,G,G,G,G,G,G,G,G,G,G,G,G,G,G,G,G,G,G,G,G,G,G,G,G,G,G,G,G,G,G,G
pgdd,pgdd,https://pigsty.io/ext/e/pgdd,G,G,G,G,G,G,G,G,G,G,G,G,G,G,G,G,G,G,G,G,G,G,G,G,G,G,G,G,G,G,G,G,G,G,G,G,G,G,G,G,G,G,G,G,G,G,G,G,G,G,G,G,G,G,G,G,G,G,G,G,G,G,G,G,G,G,G,G,G,G,G,G,G,G,G,G,G,G,G,G
pg_permissions,pg_permissions,https://pigsty.io/ext/e/pg_permissions,B,B,B,B,B,B,B,B,B,B,B,B,B,B,B,B,B,B,B,B,B,B,B,B,B,B,B,B,B,B,B,B,B,B,B,B,B,B,B,B,B,B,B,B,B,B,B,B,B,B,B,B,B,B,B,B,B,B,B,B,B,B,B,B,B,B,B,B,B,B,B,B,B,B,B,B,B,B,B,B
pgautofailover,pgautofailover,https://pigsty.io/ext/e/pgautofailover,B,B,B,B,R,B,B,B,B,R,B,B,B,B,R,B,B,B,B,R,B,B,B,B,R,B,B,B,B,R,B,B,B,B,B,B,B,B,B,B,B,B,B,B,B,B,B,B,B,B,B,B,B,B,B,B,B,B,B,B,B,B,B,B,B,B,B,B,B,B,B,B,B,B,B,B,B,B,B,B
pg_catcheck,pg_catcheck,https://pigsty.io/ext/e/pg_catcheck,B,B,B,B,B,B,B,B,B,B,B,B,B,B,B,B,B,B,B,B,B,B,B,B,B,B,B,B,B,B,B,B,B,B,B,B,B,B,B,B,B,B,B,B,B,B,B,B,B,B,B,B,B,B,B,B,B,B,B,B,B,B,B,B,B,B,B,B,B,B,B,B,B,B,B,B,B,B,B,B
preprepare,pre_prepare,https://pigsty.io/ext/e/pre_prepare,G,G,G,G,G,G,G,G,G,G,G,G,G,G,G,G,G,G,G,G,G,G,G,G,G,G,G,G,G,G,B,B,B,B,B,B,B,B,B,B,B,B,B,B,B,B,B,B,B,B,B,B,B,B,B,B,B,B,B,B,B,B,B,B,B,B,B,B,B,B,B,B,B,B,B,B,B,B,B,B
pg_upless,pg_upless,https://pigsty.io/ext/e/pg_upless,G,G,G,G,G,G,G,G,G,G,G,G,G,G,G,G,G,G,G,G,G,G,G,G,G,G,G,G,G,G,G,G,G,G,G,G,G,G,G,G,G,G,G,G,G,G,G,G,G,G,G,G,G,G,G,G,G,G,G,G,G,G,G,G,G,G,G,G,G,G,G,G,G,G,G,G,G,G,G,G
pgcozy,pgcozy,https://pigsty.io/ext/e/pgcozy,G,G,G,G,G,G,G,G,G,G,G,G,G,G,G,G,G,G,G,G,G,G,G,G,G,G,G,G,G,G,G,G,G,G,G,G,G,G,G,G,G,G,G,G,G,G,G,G,G,G,G,G,G,G,G,G,G,G,G,G,G,G,G,G,G,G,G,G,G,G,G,G,G,G,G,G,G,G,G,G
pg_orphaned,pg_orphaned,https://pigsty.io/ext/e/pg_orphaned,G,G,G,G,G,G,G,G,G,G,G,G,G,G,G,G,G,G,G,G,G,G,G,G,G,G,G,G,G,G,G,G,G,G,G,G,G,G,G,G,G,G,G,G,G,G,G,G,G,G,G,G,G,G,G,G,G,G,G,G,G,G,G,G,G,G,G,G,G,G,G,G,G,G,G,G,G,G,G,G
pg_crash,pg_crash,https://pigsty.io/ext/e/pg_crash,G,G,G,G,G,G,G,G,G,G,G,G,G,G,G,G,G,G,G,G,G,G,G,G,G,G,G,G,G,G,G,G,G,G,B,G,G,G,G,B,B,B,B,B,B,B,B,B,B,B,G,G,G,G,B,G,G,G,G,B,G,G,G,G,B,G,G,G,G,B,G,G,G,G,G,G,G,G,G,G
pg_cheat_funcs,pg_cheat_funcs,https://pigsty.io/ext/e/pg_cheat_funcs,G,G,G,G,G,G,G,G,G,G,G,G,G,G,G,G,G,G,G,G,G,G,G,G,G,G,G,G,G,G,G,G,G,G,G,G,G,G,G,G,G,G,G,G,G,G,G,G,G,G,G,G,G,G,G,G,G,G,G,G,G,G,G,G,G,G,G,G,G,G,G,G,G,G,G,G,G,G,G,G
pg_fio,fio,https://pigsty.io/ext/e/fio,G,G,G,G,G,G,G,G,G,G,G,G,G,G,G,G,G,G,G,G,G,G,G,G,G,G,G,G,G,G,G,G,G,G,G,G,G,G,G,G,G,G,G,G,G,G,G,G,G,G,G,G,G,G,G,G,G,G,G,G,G,G,G,G,G,G,G,G,G,G,G,G,G,G,G,G,G,G,G,G
pg_qos,qos,https://pigsty.io/ext/e/qos,.,G,G,G,G,.,G,G,G,G,.,G,G,G,G,.,G,G,G,G,.,G,G,G,G,.,G,G,G,G,.,G,G,G,G,.,G,G,G,G,.,G,G,G,G,.,G,G,G,G,.,G,G,G,G,.,G,G,G,G,.,G,G,G,G,.,G,G,G,G,.,G,G,G,G,.,G,G,G,G
pg_pathcheck,pg_pathcheck,https://pigsty.io/ext/e/pg_pathcheck,.,.,.,G,G,.,.,.,G,G,.,.,.,G,G,.,.,.,G,G,.,.,.,G,G,.,.,.,G,G,.,.,.,G,G,.,.,.,G,G,.,.,.,G,G,.,.,.,G,G,.,.,.,G,G,.,.,.,G,G,.,.,.,G,G,.,.,.,G,G,.,.,.,G,G,.,.,.,G,G
pgdisablelogerror,pgdisablelogerror,https://pigsty.io/ext/e/pgdisablelogerror,B,B,B,B,B,B,B,B,B,B,B,B,B,B,B,B,B,B,B,B,B,B,B,B,B,B,B,B,B,B,G,G,G,G,G,G,G,G,G,G,G,G,G,G,G,G,G,G,G,G,G,G,G,G,G,G,G,G,G,G,G,G,G,G,G,G,G,G,G,G,G,G,G,G,G,G,G,G,G,G
pg_savior,pg_savior,https://pigsty.io/ext/e/pg_savior,G,G,G,G,G,G,G,G,G,G,G,G,G,G,G,G,G,G,G,G,G,G,G,G,G,G,G,G,G,G,G,G,G,G,G,G,G,G,G,G,G,G,G,G,G,G,G,G,G,G,G,G,G,G,G,G,G,G,G,G,G,G,G,G,G,G,G,G,G,G,G,G,G,G,G,G,G,G,G,G
safeupdate,safeupdate,https://pigsty.io/ext/e/safeupdate,B,B,B,B,B,B,B,B,B,B,B,B,B,B,B,B,B,B,B,B,B,B,B,B,B,B,B,B,B,B,G,G,G,G,G,G,G,G,G,G,G,G,G,G,G,G,G,G,G,G,G,G,G,G,G,G,G,G,G,G,G,G,G,G,G,G,G,G,G,G,G,G,G,G,G,G,G,G,G,G
pg_strict,pg_strict,https://pigsty.io/ext/e/pg_strict,G,G,G,G,G,G,G,G,G,G,G,G,G,G,G,G,G,G,G,G,G,G,G,G,G,G,G,G,G,G,G,G,G,G,G,G,G,G,G,G,G,G,G,G,G,G,G,G,G,G,G,G,G,G,G,G,G,G,G,G,G,G,G,G,G,G,G,G,G,G,G,G,G,G,G,G,G,G,G,G
pg_drop_events,pg_drop_events,https://pigsty.io/ext/e/pg_drop_events,G,G,G,G,G,G,G,G,G,G,G,G,G,G,G,G,G,G,G,G,G,G,G,G,G,G,G,G,G,G,G,G,G,G,G,G,G,G,G,G,G,G,G,G,G,G,G,G,G,G,G,G,G,G,G,G,G,G,G,G,G,G,G,G,G,G,G,G,G,G,G,G,G,G,G,G,G,G,G,G
table_log,table_log,https://pigsty.io/ext/e/table_log,G,G,G,G,G,G,G,G,G,G,G,G,G,G,G,G,G,G,G,G,G,G,G,G,G,G,G,G,G,G,B,B,B,B,B,B,B,B,B,B,B,B,B,B,B,B,B,B,B,B,B,B,B,B,B,B,B,B,B,B,B,B,B,B,B,B,B,B,B,B,B,B,B,B,B,B,B,B,B,B
pgelog,pgelog,https://pigsty.io/ext/e/pgelog,G,G,G,G,G,G,G,G,G,G,G,G,G,G,G,G,G,G,G,G,G,G,G,G,G,G,G,G,G,G,G,G,G,G,G,G,G,G,G,G,G,G,G,G,G,G,G,G,G,G,G,G,G,G,G,G,G,G,G,G,G,G,G,G,G,G,G,G,G,G,G,G,G,G,G,G,G,G,G,G
pgagent,pgagent,https://pigsty.io/ext/e/pgagent,B,B,B,B,B,B,B,B,B,B,B,B,B,B,B,B,B,B,B,B,B,B,B,B,B,B,B,B,B,B,R,R,R,R,R,R,R,R,R,R,R,R,R,R,R,R,R,R,R,R,R,R,R,R,R,R,R,R,R,R,R,R,R,R,R,R,R,R,R,R,R,R,R,R,R,R,R,R,R,R
pgpool,pgpool_adm,https://pigsty.io/ext/e/pgpool_adm,B,B,B,B,B,B,B,B,B,B,B,B,B,B,B,B,B,B,B,B,B,B,B,B,B,B,B,B,B,B,B,B,B,B,B,B,B,B,B,B,B,B,B,B,B,B,B,B,B,B,B,B,B,B,B,B,B,B,B,B,B,B,B,B,B,B,B,B,B,B,B,B,B,B,B,B,B,B,B,B
pg_profile,pg_profile,https://pigsty.io/ext/e/pg_profile,B,B,B,B,B,B,B,B,B,B,B,B,B,B,B,B,B,B,B,B,B,B,B,B,B,B,B,B,B,B,G,G,G,G,G,G,G,G,G,G,G,G,G,G,G,G,G,G,G,G,G,G,G,G,G,G,G,G,G,G,G,G,G,G,G,G,G,G,G,G,G,G,G,G,G,G,G,G,G,G
pg_tracing,pg_tracing,https://pigsty.io/ext/e/pg_tracing,G,G,G,G,G,G,G,G,G,G,G,G,G,G,G,G,G,G,G,G,G,G,G,G,G,G,G,G,G,G,G,G,G,G,G,G,G,G,G,G,G,G,G,G,G,G,G,G,G,G,G,G,G,G,G,G,G,G,G,G,G,G,G,G,G,G,G,G,G,G,G,G,G,G,G,G,G,G,G,G
pg_stat_ch,pg_stat_ch,https://pigsty.io/ext/e/pg_stat_ch,.,.,R,R,R,.,.,R,R,R,.,.,G,G,G,.,.,G,G,G,.,.,G,G,G,.,.,G,G,G,.,.,G,G,G,.,.,G,G,G,.,.,G,G,G,.,.,G,G,G,.,.,G,G,G,.,.,G,G,G,.,.,G,G,G,.,.,G,G,G,.,.,G,G,G,.,.,G,G,G
pg_stat_backtrace,pg_stat_backtrace,https://pigsty.io/ext/e/pg_stat_backtrace,G,G,G,G,G,G,G,G,G,G,G,G,G,G,G,G,G,G,G,G,G,G,G,G,G,G,G,G,G,G,G,G,G,G,G,G,G,G,G,G,G,G,G,G,G,G,G,G,G,G,G,G,G,G,G,G,G,G,G,G,G,G,G,G,G,G,G,G,G,G,G,G,G,G,G,G,G,G,G,G
pg_stat_log,pg_stat_log,https://pigsty.io/ext/e/pg_stat_log,.,.,.,.,B,.,.,.,.,B,.,.,.,.,B,.,.,.,.,B,.,.,.,.,B,.,.,.,.,B,.,.,.,.,B,.,.,.,.,B,.,.,.,.,B,.,.,.,.,B,.,.,.,.,B,.,.,.,.,B,.,.,.,.,B,.,.,.,.,B,.,.,.,.,B,.,.,.,.,B
pg_stat_plans,pg_stat_plans,https://pigsty.io/ext/e/pg_stat_plans,.,.,B,B,B,.,.,B,B,B,.,.,B,B,B,.,.,B,B,B,.,.,B,B,B,.,.,B,B,B,.,.,B,B,B,.,.,B,B,B,.,.,B,B,B,.,.,B,B,B,.,.,B,B,B,.,.,B,B,B,.,.,B,B,B,.,.,B,B,B,.,.,B,B,B,.,.,B,B,B
pg_show_plans,pg_show_plans,https://pigsty.io/ext/e/pg_show_plans,B,B,B,B,B,B,B,B,B,B,B,B,B,B,B,B,B,B,B,B,B,B,B,B,B,B,B,B,B,B,B,B,B,B,B,B,B,B,B,B,B,B,B,B,B,B,B,B,B,B,B,B,B,B,B,B,B,B,B,B,B,B,B,B,B,B,B,B,B,B,B,B,B,B,B,B,B,B,B,B
pg_stat_kcache,pg_stat_kcache,https://pigsty.io/ext/e/pg_stat_kcache,B,B,B,B,B,B,B,B,B,B,B,B,B,B,B,B,B,B,B,B,B,B,B,B,B,B,B,B,B,B,B,B,B,B,B,B,B,B,B,B,B,B,B,B,B,B,B,B,B,B,B,B,B,B,B,B,B,B,B,B,B,B,B,B,B,B,B,B,B,B,B,B,B,B,B,B,B,B,B,B
pg_stat_monitor,pg_stat_monitor,https://pigsty.io/ext/e/pg_stat_monitor,B,B,B,B,B,B,B,B,B,B,B,B,B,B,B,B,B,B,B,B,B,B,B,B,B,B,B,B,B,B,G,G,G,G,G,G,G,G,G,G,G,G,G,G,G,G,G,G,G,G,G,G,G,G,G,G,G,G,G,G,G,G,G,G,G,G,G,G,G,G,G,G,G,G,G,G,G,G,G,G
pg_qualstats,pg_qualstats,https://pigsty.io/ext/e/pg_qualstats,B,B,B,B,B,B,B,B,B,B,B,B,B,B,B,B,B,B,B,B,B,B,B,B,B,B,B,B,B,B,B,B,B,B,B,B,B,B,B,B,B,B,B,B,B,B,B,B,B,B,B,B,B,B,B,B,B,B,B,B,B,B,B,B,B,B,B,B,B,B,B,B,B,B,B,B,B,B,B,B
pg_store_plans,pg_store_plans,https://pigsty.io/ext/e/pg_store_plans,G,G,G,G,G,G,G,G,G,G,G,G,G,G,G,G,G,G,G,G,G,G,G,G,G,G,G,G,G,G,G,G,G,G,G,G,G,G,G,G,G,G,G,G,G,G,G,G,G,G,G,G,G,G,G,G,G,G,G,G,G,G,G,G,G,G,G,G,G,G,G,G,G,G,G,G,G,G,G,G
pg_track_settings,pg_track_settings,https://pigsty.io/ext/e/pg_track_settings,B,B,B,B,B,B,B,B,B,B,B,B,B,B,B,B,B,B,B,B,B,B,B,B,B,B,B,B,B,B,B,B,B,B,B,B,B,B,B,B,B,B,B,B,B,B,B,B,B,B,B,B,B,B,B,B,B,B,B,B,B,B,B,B,B,B,B,B,B,B,B,B,B,B,B,B,B,B,B,B
pg_track_optimizer,pg_track_optimizer,https://pigsty.io/ext/e/pg_track_optimizer,.,.,.,G,G,.,.,.,G,G,.,.,.,G,G,.,.,.,G,G,.,.,.,G,G,.,.,.,G,G,.,.,.,G,G,.,.,.,G,G,.,.,.,G,G,.,.,.,G,G,.,.,.,G,G,.,.,.,G,G,.,.,.,G,G,.,.,.,G,G,.,.,.,G,G,.,.,.,G,G
pg_wait_sampling,pg_wait_sampling,https://pigsty.io/ext/e/pg_wait_sampling,B,B,B,B,B,B,B,B,B,B,B,B,B,B,B,B,B,B,B,B,B,B,B,B,B,B,B,B,B,B,B,B,B,B,B,B,B,B,B,B,B,B,B,B,B,B,B,B,B,B,B,B,B,B,B,B,B,B,B,B,B,B,B,B,B,B,B,B,B,B,B,B,B,B,B,B,B,B,B,B
pg_datasentinel,pg_datasentinel,https://pigsty.io/ext/e/pg_datasentinel,.,G,G,G,G,.,G,G,G,G,.,G,G,G,G,.,G,G,G,G,.,G,G,G,G,.,G,G,G,G,.,G,G,G,G,.,G,G,G,G,.,G,G,G,G,.,G,G,G,G,.,G,G,G,G,.,G,G,G,G,.,G,G,G,G,.,G,G,G,G,.,G,G,G,G,.,G,G,G,G
pgsentinel,pgsentinel,https://pigsty.io/ext/e/pgsentinel,G,G,G,G,G,G,G,G,G,G,G,G,G,G,G,G,G,G,G,G,G,G,G,G,G,G,G,G,G,G,B,B,B,B,B,B,B,B,B,B,B,B,B,B,B,B,B,B,B,B,B,B,B,B,B,B,B,B,B,B,B,B,B,B,B,B,B,B,B,B,B,B,B,B,B,B,B,B,B,B
system_stats,system_stats,https://pigsty.io/ext/e/system_stats,B,B,B,B,B,B,B,B,B,B,B,B,B,B,B,B,B,B,B,B,B,B,B,B,B,B,B,B,B,B,G,G,G,G,G,G,G,G,G,G,G,G,G,G,G,G,G,G,G,G,G,G,G,G,G,G,G,G,G,G,G,G,G,G,G,G,G,G,G,G,G,G,G,G,G,G,G,G,G,G
pg_meta,meta,https://pigsty.io/ext/e/meta,G,G,G,G,G,G,G,G,G,G,G,G,G,G,G,G,G,G,G,G,G,G,G,G,G,G,G,G,G,G,G,G,G,G,G,G,G,G,G,G,G,G,G,G,G,G,G,G,G,G,G,G,G,G,G,G,G,G,G,G,G,G,G,G,G,G,G,G,G,G,G,G,G,G,G,G,G,G,G,G
pgnodemx,pgnodemx,https://pigsty.io/ext/e/pgnodemx,G,G,G,G,G,G,G,G,G,G,B,B,B,B,B,B,B,B,B,B,B,B,B,B,B,B,B,B,B,B,B,B,B,B,B,B,B,B,B,B,B,B,B,B,B,B,B,B,B,B,B,B,B,B,B,B,B,B,B,B,B,B,B,B,B,B,B,B,B,B,B,B,B,B,B,B,B,B,B,B
pg_sqlog,pg_sqlog,https://pigsty.io/ext/e/pg_sqlog,G,G,G,G,G,G,G,G,G,G,G,G,G,G,G,G,G,G,G,G,G,G,G,G,G,G,G,G,G,G,G,G,G,G,G,G,G,G,G,G,G,G,G,G,G,G,G,G,G,G,G,G,G,G,G,G,G,G,G,G,G,G,G,G,G,G,G,G,G,G,G,G,G,G,G,G,G,G,G,G
bgw_replstatus,bgw_replstatus,https://pigsty.io/ext/e/bgw_replstatus,B,B,B,B,B,B,B,B,B,B,B,B,B,B,B,B,B,B,B,B,B,B,B,B,B,B,B,B,B,B,B,B,B,B,B,B,B,B,B,B,B,B,B,B,B,B,B,B,B,B,B,B,B,B,B,B,B,B,B,B,B,B,B,B,B,B,B,B,B,B,B,B,B,B,B,B,B,B,B,B
pgmeminfo,pgmeminfo,https://pigsty.io/ext/e/pgmeminfo,G,G,G,B,B,G,G,G,B,B,B,B,B,B,B,B,B,B,B,B,B,B,B,B,B,B,B,B,B,B,G,G,G,G,G,G,G,G,G,G,G,G,G,G,G,G,G,G,G,G,G,G,G,G,G,G,G,G,G,G,G,G,G,G,G,G,G,G,G,G,G,G,G,G,G,G,G,G,G,G
toastinfo,toastinfo,https://pigsty.io/ext/e/toastinfo,G,G,G,G,G,G,G,G,G,G,G,G,G,G,G,G,G,G,G,G,G,G,G,G,G,G,G,G,G,G,B,B,B,B,B,B,B,B,B,B,B,B,B,B,B,B,B,B,B,B,B,B,B,B,B,B,B,B,B,B,B,B,B,B,B,B,B,B,B,B,B,B,B,B,B,B,B,B,B,B
pg_explain_ui,explain_ui,https://pigsty.io/ext/e/explain_ui,G,G,G,G,G,G,G,G,G,G,G,G,G,G,G,G,G,G,G,G,G,G,G,G,G,G,G,G,G,G,G,G,G,G,G,G,G,G,G,G,G,G,G,G,G,G,G,G,G,G,G,G,G,G,G,G,G,G,G,G,G,G,G,G,G,G,G,G,G,G,G,G,G,G,G,G,G,G,G,G
pg_relusage,pg_relusage,https://pigsty.io/ext/e/pg_relusage,G,G,G,G,G,G,G,G,G,G,G,G,G,G,G,G,G,G,G,G,G,G,G,G,G,G,G,G,G,G,G,G,G,G,G,G,G,G,G,G,G,G,G,G,G,G,G,G,G,G,G,G,G,G,G,G,G,G,G,G,G,G,G,G,G,G,G,G,G,G,G,G,G,G,G,G,G,G,G,G
pagevis,pagevis,https://pigsty.io/ext/e/pagevis,G,G,G,G,G,G,G,G,G,G,G,G,G,G,G,G,G,G,G,G,G,G,G,G,G,G,G,G,G,G,G,G,G,G,G,G,G,G,G,G,G,G,G,G,G,G,G,G,G,G,G,G,G,G,G,G,G,G,G,G,G,G,G,G,G,G,G,G,G,G,G,G,G,G,G,G,G,G,G,G
powa,powa,https://pigsty.io/ext/e/powa,B,B,B,B,B,B,B,B,B,B,B,B,B,B,B,B,B,B,B,B,B,B,B,B,B,B,B,B,B,B,B,B,B,B,B,B,B,B,B,B,B,B,B,B,B,B,B,B,B,B,B,B,B,B,B,B,B,B,B,B,B,B,B,B,B,B,B,B,B,B,B,B,B,B,B,B,B,B,B,B
passwordcheck_cracklib,passwordcheck_cracklib,https://pigsty.io/ext/e/passwordcheck_cracklib,B,B,B,B,B,B,B,B,B,B,B,B,B,B,B,B,B,B,B,B,B,B,B,B,B,B,B,B,B,B,G,G,G,G,G,G,G,G,G,G,G,G,G,G,G,G,G,G,G,G,G,G,G,G,G,G,G,G,G,G,G,G,G,G,G,G,G,G,G,G,G,G,G,G,G,G,G,G,G,G
supautils,supautils,https://pigsty.io/ext/e/supautils,G,G,G,G,G,G,G,G,G,G,G,G,G,G,G,G,G,G,G,G,G,G,G,G,G,G,G,G,G,G,G,G,G,G,G,G,G,G,G,G,G,G,G,G,G,G,G,G,G,G,G,G,G,G,G,G,G,G,G,G,G,G,G,G,G,G,G,G,G,G,G,G,G,G,G,G,G,G,G,G
pgsodium,pgsodium,https://pigsty.io/ext/e/pgsodium,G,G,G,B,B,G,G,G,B,B,B,B,B,B,B,B,B,B,B,B,B,B,B,B,B,B,B,B,B,B,G,G,G,G,G,G,G,G,G,G,G,G,G,G,G,G,G,G,G,G,G,G,G,G,G,G,G,G,G,G,G,G,G,G,G,G,G,G,G,G,G,G,G,G,G,G,G,G,G,G
column_encrypt,column_encrypt,https://pigsty.io/ext/e/column_encrypt,G,G,G,G,G,G,G,G,G,G,G,G,G,G,G,G,G,G,G,G,G,G,G,G,G,G,G,G,G,G,G,G,G,G,G,G,G,G,G,G,G,G,G,G,G,G,G,G,G,G,G,G,G,G,G,G,G,G,G,G,G,G,G,G,G,G,G,G,G,G,G,G,G,G,G,G,G,G,G,G
passwordpolicy,passwordpolicy,https://pigsty.io/ext/e/passwordpolicy,B,B,B,B,B,B,B,B,B,B,B,B,B,B,B,B,B,B,B,B,B,B,B,B,B,B,B,B,B,B,G,G,G,G,G,G,G,G,G,G,G,G,G,G,G,G,G,G,G,G,G,G,G,G,G,G,G,G,G,G,G,G,G,G,G,G,G,G,G,G,G,G,G,G,G,G,G,G,G,G
pg_vault,supabase_vault,https://pigsty.io/ext/e/supabase_vault,G,G,G,G,G,G,G,G,G,G,G,G,G,G,G,G,G,G,G,G,G,G,G,G,G,G,G,G,G,G,G,G,G,G,G,G,G,G,G,G,G,G,G,G,G,G,G,G,G,G,G,G,G,G,G,G,G,G,G,G,G,G,G,G,G,G,G,G,G,G,G,G,G,G,G,G,G,G,G,G
pg_session_jwt,pg_session_jwt,https://pigsty.io/ext/e/pg_session_jwt,G,G,G,G,G,G,G,G,G,G,G,G,G,G,G,G,G,G,G,G,G,G,G,G,G,G,G,G,G,G,G,G,G,G,G,G,G,G,G,G,G,G,G,G,G,G,G,G,G,G,G,G,G,G,G,G,G,G,G,G,G,G,G,G,G,G,G,G,G,G,G,G,G,G,G,G,G,G,G,G
pg_anon,anon,https://pigsty.io/ext/e/anon,G,G,G,G,G,G,G,G,G,G,G,G,G,G,G,G,G,G,G,G,G,G,G,G,G,G,G,G,G,G,G,G,G,G,G,G,G,G,G,G,G,G,G,G,G,G,G,G,G,G,G,G,G,G,G,G,G,G,G,G,G,G,G,G,G,G,G,G,G,G,G,G,G,G,G,G,G,G,G,G
pgsmcrypto,pgsmcrypto,https://pigsty.io/ext/e/pgsmcrypto,G,G,G,G,G,G,G,G,G,G,G,G,G,G,G,G,G,G,G,G,G,G,G,G,G,G,G,G,G,G,G,G,G,G,G,G,G,G,G,G,G,G,G,G,G,G,G,G,G,G,G,G,G,G,G,G,G,G,G,G,G,G,G,G,G,G,G,G,G,G,G,G,G,G,G,G,G,G,G,G
pg_enigma,pg_enigma,https://pigsty.io/ext/e/pg_enigma,G,G,G,G,G,G,G,G,G,G,G,G,G,G,G,G,G,G,G,G,G,G,G,G,G,G,G,G,G,G,G,G,G,G,G,G,G,G,G,G,G,G,G,G,G,G,G,G,G,G,G,G,G,G,G,G,G,G,G,G,G,G,G,G,G,G,G,G,G,G,G,G,G,G,G,G,G,G,G,G
pgaudit,pgaudit,https://pigsty.io/ext/e/pgaudit,B,B,B,B,B,B,B,B,B,B,B,B,B,B,B,B,B,B,B,B,B,B,B,B,B,B,B,B,B,B,B,B,B,B,B,B,B,B,B,B,B,B,B,B,B,B,B,B,B,B,B,B,B,B,B,B,B,B,B,B,B,B,B,B,B,B,B,B,B,B,B,B,B,B,B,B,B,B,B,B
pgauditlogtofile,pgauditlogtofile,https://pigsty.io/ext/e/pgauditlogtofile,B,B,B,B,B,B,B,B,B,B,B,B,B,B,B,B,B,B,B,B,B,B,B,B,B,B,B,B,B,B,B,B,B,B,B,B,B,B,B,B,B,B,B,B,B,B,B,B,B,B,B,B,B,B,B,B,B,B,B,B,B,B,B,B,B,B,B,B,B,B,B,B,B,B,B,B,B,B,B,B
pg_auditor,pg_auditor,https://pigsty.io/ext/e/pg_auditor,G,G,G,G,G,G,G,G,G,G,G,G,G,G,G,G,G,G,G,G,G,G,G,G,G,G,G,G,G,G,G,G,G,G,G,G,G,G,G,G,G,G,G,G,G,G,G,G,G,G,G,G,G,G,G,G,G,G,G,G,G,G,G,G,G,G,G,G,G,G,G,G,G,G,G,G,G,G,G,G
logerrors,logerrors,https://pigsty.io/ext/e/logerrors,B,B,B,B,B,B,B,B,B,B,B,B,B,B,B,B,B,B,B,B,B,B,B,B,B,B,B,B,B,B,G,G,G,G,G,G,G,G,G,G,G,G,G,G,G,G,G,G,G,G,G,G,G,G,G,G,G,G,G,G,G,G,G,G,G,G,G,G,G,G,G,G,G,G,G,G,G,G,G,G
pg_auth_mon,pg_auth_mon,https://pigsty.io/ext/e/pg_auth_mon,B,B,B,B,B,B,B,B,B,B,B,B,B,B,B,B,B,B,B,B,B,B,B,B,B,B,B,B,B,B,G,G,G,G,G,G,G,G,G,G,G,G,G,G,G,G,G,G,G,G,G,G,G,G,G,G,G,G,G,G,G,G,G,G,G,G,G,G,G,G,G,G,G,G,G,G,G,G,G,G
pg_jobmon,pg_jobmon,https://pigsty.io/ext/e/pg_jobmon,B,B,B,B,B,B,B,B,B,B,B,B,B,B,B,B,B,B,B,B,B,B,B,B,B,B,B,B,B,B,G,G,G,G,G,G,G,G,G,G,G,G,G,G,G,G,G,G,G,G,G,G,G,G,G,G,G,G,G,G,G,G,G,G,G,G,G,G,G,G,G,G,G,G,G,G,G,G,G,G
credcheck,credcheck,https://pigsty.io/ext/e/credcheck,B,B,B,B,B,B,B,B,B,B,B,B,B,B,B,B,B,B,B,B,B,B,B,B,B,B,B,B,B,B,B,B,B,B,B,B,B,B,B,B,B,B,B,B,B,B,B,B,B,B,B,B,B,B,B,B,B,B,B,B,B,B,B,B,B,B,B,B,B,B,B,B,B,B,B,B,B,B,B,B
pgcryptokey,pgcryptokey,https://pigsty.io/ext/e/pgcryptokey,B,B,B,B,G,B,B,B,B,G,B,B,B,B,G,B,B,B,B,G,B,B,B,B,G,B,B,B,B,G,G,G,G,G,G,G,G,G,G,G,G,G,G,G,G,G,G,G,G,G,G,G,G,G,G,G,G,G,G,G,G,G,G,G,G,G,G,G,G,G,G,G,G,G,G,G,G,G,G,G
pg_pwhash,pg_pwhash,https://pigsty.io/ext/e/pg_pwhash,B,B,B,B,B,B,B,B,B,B,B,B,B,B,B,B,B,B,B,B,B,B,B,B,B,B,B,B,B,B,B,B,B,B,B,B,B,B,B,B,B,B,B,B,B,B,B,B,B,B,B,B,B,B,B,B,B,B,B,B,B,B,B,B,B,B,B,B,B,B,B,B,B,B,B,B,B,B,B,B
login_hook,login_hook,https://pigsty.io/ext/e/login_hook,B,B,B,B,G,B,B,B,B,G,B,B,B,B,G,B,B,B,B,G,B,B,B,B,G,B,B,B,B,G,G,G,G,G,G,G,G,G,G,G,G,G,G,G,G,G,G,G,G,G,G,G,G,G,G,G,G,G,G,G,G,G,G,G,G,G,G,G,G,G,G,G,G,G,G,G,G,G,G,G
set_user,set_user,https://pigsty.io/ext/e/set_user,B,B,B,B,B,B,B,B,B,B,B,B,B,B,B,B,B,B,B,B,B,B,B,B,B,B,B,B,B,B,B,B,B,B,B,B,B,B,B,B,B,B,B,B,B,B,B,B,B,B,B,B,B,B,B,B,B,B,B,B,B,B,B,B,B,B,B,B,B,B,B,B,B,B,B,B,B,B,B,B
pg_snakeoil,pg_snakeoil,https://pigsty.io/ext/e/pg_snakeoil,G,G,G,G,G,G,G,G,G,G,B,B,B,B,B,B,B,B,B,B,B,B,B,B,B,B,B,B,B,B,B,B,B,B,B,B,B,B,B,B,B,B,B,B,B,B,B,B,B,B,B,B,B,B,B,B,B,B,B,B,B,B,B,B,B,B,B,B,B,B,B,B,B,B,B,B,B,B,B,B
pgextwlist,pgextwlist,https://pigsty.io/ext/e/pgextwlist,G,G,G,G,G,G,G,G,G,G,G,G,G,G,G,G,G,G,G,G,G,G,G,G,G,G,G,G,G,G,B,B,B,B,B,B,B,B,B,B,B,B,B,B,B,B,B,B,B,B,B,B,B,B,B,B,B,B,B,B,B,B,B,B,B,B,B,B,B,B,B,B,B,B,B,B,B,B,B,B
pg_command_fw,pg_command_fw,https://pigsty.io/ext/e/pg_command_fw,.,G,G,G,G,.,G,G,G,G,.,G,G,G,G,.,G,G,G,G,.,G,G,G,G,.,G,G,G,G,.,G,G,G,G,.,G,G,G,G,.,G,G,G,G,.,G,G,G,G,.,G,G,G,G,.,G,G,G,G,.,G,G,G,G,.,G,G,G,G,.,G,G,G,G,.,G,G,G,G
block_copy_command,block_copy_command,https://pigsty.io/ext/e/block_copy_command,G,G,G,G,G,G,G,G,G,G,G,G,G,G,G,G,G,G,G,G,G,G,G,G,G,G,G,G,G,G,G,G,G,G,G,G,G,G,G,G,G,G,G,G,G,G,G,G,G,G,G,G,G,G,G,G,G,G,G,G,G,G,G,G,G,G,G,G,G,G,G,G,G,G,G,G,G,G,G,G
sslutils,sslutils,https://pigsty.io/ext/e/sslutils,G,G,G,G,R,G,G,G,G,R,B,B,B,B,B,B,B,B,B,B,B,B,B,B,B,B,B,B,B,B,G,G,G,G,G,G,G,G,G,G,G,G,G,G,G,G,G,G,G,G,G,G,G,G,G,G,G,G,G,G,G,G,G,G,G,G,G,G,G,G,G,G,G,G,G,G,G,G,G,G
pg_noset,noset,https://pigsty.io/ext/e/noset,G,G,G,G,G,G,G,G,G,G,G,G,G,G,G,G,G,G,G,G,G,G,G,G,G,G,G,G,G,G,G,G,G,G,G,G,G,G,G,G,G,G,G,G,G,G,G,G,G,G,G,G,G,G,G,G,G,G,G,G,G,G,G,G,G,G,G,G,G,G,G,G,G,G,G,G,G,G,G,G
pg_tde,pg_tde,https://pigsty.io/ext/e/pg_tde,P,P,P,P,P,P,P,P,P,P,P,P,P,P,P,P,P,P,P,P,P,P,P,P,P,P,P,P,P,P,P,P,P,P,P,P,P,P,P,P,P,P,P,P,P,P,P,P,P,P,P,P,P,P,P,P,P,P,P,P,P,P,P,P,P,P,P,P,P,P,P,P,P,P,P,P,P,P,P,P
wrappers,wrappers,https://pigsty.io/ext/e/wrappers,G,G,G,G,G,G,G,G,G,G,G,G,G,G,G,G,G,G,G,G,G,G,G,G,G,G,G,G,G,G,G,G,G,G,G,G,G,G,G,G,G,G,G,G,G,G,G,G,G,G,G,G,G,G,G,G,G,G,G,G,G,G,G,G,G,G,G,G,G,G,G,G,G,G,G,G,G,G,G,G
multicorn,multicorn,https://pigsty.io/ext/e/multicorn,B,B,B,B,B,B,B,B,B,B,B,B,B,B,B,B,B,B,B,B,B,B,B,B,B,B,B,B,B,B,G,G,G,G,G,G,G,G,G,G,G,G,G,G,G,G,G,G,G,G,G,G,G,G,G,G,G,G,G,G,G,G,G,G,G,G,G,G,G,G,G,G,G,G,G,G,G,G,G,G
odbc_fdw,odbc_fdw,https://pigsty.io/ext/e/odbc_fdw,B,B,B,B,.,B,B,B,B,.,B,B,B,B,.,B,B,B,B,.,B,B,B,B,.,B,B,B,B,.,A,A,A,A,.,A,A,A,A,.,A,A,A,A,.,A,A,A,A,.,A,A,A,A,.,A,A,A,A,.,A,A,A,A,.,A,A,A,A,.,A,A,A,A,.,A,A,A,A,.
jdbc_fdw,jdbc_fdw,https://pigsty.io/ext/e/jdbc_fdw,B,B,B,.,.,R,R,R,.,.,R,R,R,.,.,R,R,R,.,.,R,R,R,.,.,R,R,R,.,.,A,A,A,.,.,A,A,A,.,.,A,A,A,.,.,A,A,A,.,.,A,A,A,.,.,A,A,A,.,.,A,A,A,.,.,A,A,A,.,.,A,A,A,.,.,A,A,A,.,.
pgspider_ext,pgspider_ext,https://pigsty.io/ext/e/pgspider_ext,.,B,B,B,.,.,B,B,B,.,.,B,B,B,.,.,B,B,B,.,.,B,B,B,.,.,B,B,B,.,.,G,G,G,.,.,G,G,G,.,.,G,G,G,.,.,G,G,G,.,.,G,G,G,.,.,G,G,G,.,.,G,G,G,.,.,G,G,G,.,.,G,G,G,.,.,G,G,G,.
mysql_fdw,mysql_fdw,https://pigsty.io/ext/e/mysql_fdw,B,B,B,B,B,B,B,B,B,B,B,B,B,B,B,B,B,B,B,B,B,B,B,B,B,B,B,B,B,B,B,B,B,B,B,B,B,B,B,B,B,B,B,B,B,B,B,B,B,B,B,B,B,B,B,B,B,B,B,B,B,B,B,B,B,B,B,B,B,B,B,B,B,B,B,B,B,B,B,B
oracle_fdw,oracle_fdw,https://pigsty.io/ext/e/oracle_fdw,B,B,B,B,B,R,R,R,R,R,B,B,B,B,B,R,R,R,R,R,B,B,B,B,B,R,R,R,R,R,B,B,B,B,B,B,B,B,B,B,B,B,B,B,B,B,B,B,B,B,B,B,B,B,B,B,B,B,B,B,B,B,B,B,B,B,B,B,B,B,B,B,B,B,B,B,B,B,B,B
tds_fdw,tds_fdw,https://pigsty.io/ext/e/tds_fdw,B,B,B,B,B,B,B,B,B,B,B,B,B,B,B,B,B,B,B,B,B,B,B,B,B,B,B,B,B,B,B,B,B,B,B,B,B,B,B,B,B,B,B,B,B,B,B,B,B,B,B,B,B,B,B,B,B,B,B,B,B,B,B,B,B,B,B,B,B,B,B,B,B,B,B,B,B,B,B,B
db2_fdw,db2_fdw,https://pigsty.io/ext/e/db2_fdw,B,B,B,B,B,R,R,R,R,R,B,B,B,B,B,R,R,R,R,R,B,B,B,B,B,R,R,R,R,R,A,A,A,A,A,A,A,A,A,A,A,A,A,A,A,A,A,A,A,A,A,A,A,A,A,A,A,A,A,A,A,A,A,A,A,A,A,A,A,A,A,A,A,A,A,A,A,A,A,A
sqlite_fdw,sqlite_fdw,https://pigsty.io/ext/e/sqlite_fdw,B,B,B,B,.,B,B,B,B,.,B,B,B,B,.,B,B,B,B,.,B,B,B,B,.,B,B,B,B,.,G,G,G,G,.,G,G,G,G,.,G,G,G,G,.,G,G,G,G,.,G,G,G,G,.,G,G,G,G,.,G,G,G,G,.,G,G,G,G,.,G,G,G,G,.,G,G,G,G,.
pgbouncer_fdw,pgbouncer_fdw,https://pigsty.io/ext/e/pgbouncer_fdw,B,B,B,B,B,B,B,B,B,B,B,B,B,B,B,B,B,B,B,B,B,B,B,B,B,B,B,B,B,B,A,A,A,A,A,A,A,A,A,A,A,A,A,A,A,A,A,A,A,A,A,A,A,A,A,A,A,A,A,A,A,A,A,A,A,A,A,A,A,A,A,A,A,A,A,A,A,A,A,A
etcd_fdw,etcd_fdw,https://pigsty.io/ext/e/etcd_fdw,G,G,G,G,G,G,G,G,G,G,G,G,G,G,G,G,G,G,G,G,G,G,G,G,G,G,G,G,G,G,G,G,G,G,G,G,G,G,G,G,G,G,G,G,G,G,G,G,G,G,G,G,G,G,G,G,G,G,G,G,G,G,G,G,G,G,G,G,G,G,G,G,G,G,G,G,G,G,G,G
informix_fdw,informix_fdw,https://pigsty.io/ext/e/informix_fdw,B,B,B,B,B,R,R,R,R,R,B,B,B,B,B,R,R,R,R,R,B,B,B,B,B,R,R,R,R,R,A,A,A,A,A,A,A,A,A,A,A,A,A,A,A,A,A,A,A,A,A,A,A,A,A,A,A,A,A,A,A,A,A,A,A,A,A,A,A,A,A,A,A,A,A,A,A,A,A,A
nominatim_fdw,nominatim_fdw,https://pigsty.io/ext/e/nominatim_fdw,B,B,B,B,B,B,B,B,B,B,B,B,B,B,B,B,B,B,B,B,B,B,B,B,B,B,B,B,B,B,G,G,G,G,G,G,G,G,G,G,G,G,G,G,G,G,G,G,G,G,G,G,G,G,G,G,G,G,G,G,G,G,G,G,G,G,G,G,G,G,G,G,G,G,G,G,G,G,G,G
mongo_fdw,mongo_fdw,https://pigsty.io/ext/e/mongo_fdw,B,B,B,B,B,B,B,B,B,B,B,B,B,B,B,B,B,B,B,B,B,B,B,B,B,B,B,B,B,B,G,G,G,G,G,G,G,G,G,G,G,G,G,G,G,G,G,G,G,G,G,G,G,G,G,G,G,G,G,G,G,G,G,G,G,G,G,G,G,G,G,G,G,G,G,G,G,G,G,G
redis_fdw,redis_fdw,https://pigsty.io/ext/e/redis_fdw,G,G,G,G,G,G,G,G,G,G,G,G,G,G,G,G,G,G,G,G,G,G,G,G,G,G,G,G,G,G,G,G,G,G,G,G,G,G,G,G,G,G,G,G,G,G,G,G,G,G,G,G,G,G,G,G,G,G,G,G,G,G,G,G,G,G,G,G,G,G,G,G,G,G,G,G,G,G,G,G
pg_redis_pubsub,redis,https://pigsty.io/ext/e/redis,G,G,G,G,G,G,G,G,G,G,G,G,G,G,G,G,G,G,G,G,G,G,G,G,G,G,G,G,G,G,G,G,G,G,G,G,G,G,G,G,G,G,G,G,G,G,G,G,G,G,G,G,G,G,G,G,G,G,G,G,G,G,G,G,G,G,G,G,G,G,G,G,G,G,G,G,G,G,G,G
kafka_fdw,kafka_fdw,https://pigsty.io/ext/e/kafka_fdw,G,G,G,G,G,G,G,G,G,G,G,G,G,G,G,G,G,G,G,G,G,G,G,G,G,G,G,G,G,G,G,G,G,G,G,G,G,G,G,G,G,G,G,G,G,G,G,G,G,G,G,G,G,G,G,G,G,G,G,G,G,G,G,G,G,G,G,G,G,G,G,G,G,G,G,G,G,G,G,G
hdfs_fdw,hdfs_fdw,https://pigsty.io/ext/e/hdfs_fdw,B,B,B,B,B,B,B,B,B,B,B,B,B,B,B,B,B,B,B,B,B,B,B,B,B,B,B,B,B,B,A,A,A,A,A,A,A,A,A,A,A,A,A,A,A,A,A,A,A,A,A,A,A,A,A,A,A,A,A,A,A,A,A,A,A,A,A,A,A,A,A,A,A,A,A,A,A,A,A,A
firebird_fdw,firebird_fdw,https://pigsty.io/ext/e/firebird_fdw,G,G,G,G,G,G,G,G,G,G,G,G,G,G,G,G,G,G,G,G,G,G,G,G,G,G,G,G,G,G,G,G,G,G,G,G,G,G,G,G,G,G,G,G,G,G,G,G,G,G,G,G,G,G,G,G,G,G,G,G,G,G,G,G,G,G,G,G,G,G,G,G,G,G,G,G,G,G,G,G
rdf_fdw,rdf_fdw,https://pigsty.io/ext/e/rdf_fdw,G,G,G,G,G,G,G,G,G,G,G,G,G,G,G,G,G,G,G,G,G,G,G,G,G,G,G,G,G,G,G,G,G,G,G,G,G,G,G,G,G,G,G,G,G,G,G,G,G,G,G,G,G,G,G,G,G,G,G,G,G,G,G,G,G,G,G,G,G,G,G,G,G,G,G,G,G,G,G,G
aws_s3,aws_s3,https://pigsty.io/ext/e/aws_s3,G,G,G,G,G,G,G,G,G,G,G,G,G,G,G,G,G,G,G,G,G,G,G,G,G,G,G,G,G,G,G,G,G,G,G,G,G,G,G,G,G,G,G,G,G,G,G,G,G,G,G,G,G,G,G,G,G,G,G,G,G,G,G,G,G,G,G,G,G,G,G,G,G,G,G,G,G,G,G,G
log_fdw,log_fdw,https://pigsty.io/ext/e/log_fdw,G,G,G,G,G,G,G,G,G,G,G,G,G,G,G,G,G,G,G,G,G,G,G,G,G,G,G,G,G,G,G,G,G,G,G,G,G,G,G,G,G,G,G,G,G,G,G,G,G,G,G,G,G,G,G,G,G,G,G,G,G,G,G,G,G,G,G,G,G,G,G,G,G,G,G,G,G,G,G,G
documentdb,documentdb,https://pigsty.io/ext/e/documentdb,.,G,G,G,G,.,G,G,G,G,.,G,G,G,G,.,G,G,G,G,.,G,G,G,G,.,G,G,G,G,.,G,G,G,G,.,G,G,G,G,.,G,G,G,G,.,G,G,G,G,.,G,G,G,G,.,G,G,G,G,.,G,G,G,G,.,G,G,G,G,.,G,G,G,G,.,G,G,G,G
pg_projection,pg_projection,https://pigsty.io/ext/e/pg_projection,G,G,G,G,G,G,G,G,G,G,G,G,G,G,G,G,G,G,G,G,G,G,G,G,G,G,G,G,G,G,G,G,G,G,G,G,G,G,G,G,G,G,G,G,G,G,G,G,G,G,G,G,G,G,G,G,G,G,G,G,G,G,G,G,G,G,G,G,G,G,G,G,G,G,G,G,G,G,G,G
orafce,orafce,https://pigsty.io/ext/e/orafce,B,B,B,B,B,B,B,B,B,B,B,B,B,B,B,B,B,B,B,B,B,B,B,B,B,B,B,B,B,B,B,B,B,B,B,B,B,B,B,B,B,B,B,B,B,B,B,B,B,B,B,B,B,B,B,B,B,B,B,B,B,B,B,B,B,B,B,B,B,B,B,B,B,B,B,B,B,B,B,B
pgtt,pgtt,https://pigsty.io/ext/e/pgtt,B,B,B,B,B,B,B,B,B,B,B,B,B,B,B,B,B,B,B,B,B,B,B,B,B,B,B,B,B,B,B,B,B,B,B,B,B,B,B,B,B,B,B,B,B,B,B,B,B,B,B,B,B,B,B,B,B,B,B,B,B,B,B,B,B,B,B,B,B,B,B,B,B,B,B,B,B,B,B,B
session_variable,session_variable,https://pigsty.io/ext/e/session_variable,G,G,G,G,G,G,G,G,G,G,G,G,G,G,G,G,G,G,G,G,G,G,G,G,G,G,G,G,G,G,G,G,G,G,G,G,G,G,G,G,G,G,G,G,G,G,G,G,G,G,G,G,G,G,G,G,G,G,G,G,G,G,G,G,G,G,G,G,G,G,G,G,G,G,G,G,G,G,G,G
pg_statement_rollback,pg_statement_rollback,https://pigsty.io/ext/e/pg_statement_rollback,B,B,B,B,B,B,B,B,B,B,B,B,B,B,B,B,B,B,B,B,B,B,B,B,B,B,B,B,B,B,G,G,G,G,G,G,G,G,G,G,G,G,G,G,G,G,G,G,G,G,G,G,G,G,G,G,G,G,G,G,G,G,G,G,G,G,G,G,G,G,G,G,G,G,G,G,G,G,G,G
ivorysql,ivorysql_ora,https://pigsty.io/ext/e/ivorysql_ora,P,P,P,P,P,P,P,P,P,P,P,P,P,P,P,P,P,P,P,P,P,P,P,P,P,P,P,P,P,P,P,P,P,P,P,P,P,P,P,P,P,P,P,P,P,P,P,P,P,P,P,P,P,P,P,P,P,P,P,P,P,P,P,P,P,P,P,P,P,P,P,P,P,P,P,P,P,P,P,P
db2fce,db2fce,https://pigsty.io/ext/e/db2fce,G,G,G,G,G,G,G,G,G,G,G,G,G,G,G,G,G,G,G,G,G,G,G,G,G,G,G,G,G,G,B,B,B,B,B,B,B,B,B,B,B,B,B,B,B,B,B,B,B,B,B,B,B,B,B,B,B,B,B,B,B,B,B,B,B,B,B,B,B,B,B,B,B,B,B,B,B,B,B,B
plpgsql_wrap,plpgsql_wrap,https://pigsty.io/ext/e/plpgsql_wrap,B,B,B,B,B,B,B,B,B,B,B,B,B,B,B,B,B,B,B,B,B,B,B,B,B,B,B,B,B,B,G,G,G,G,G,G,G,G,G,G,G,G,G,G,G,G,G,G,G,G,G,G,G,G,G,G,G,G,G,G,G,G,G,G,G,G,G,G,G,G,G,G,G,G,G,G,G,G,G,G
pg_dbms_metadata,pg_dbms_metadata,https://pigsty.io/ext/e/pg_dbms_metadata,B,B,B,B,B,B,R,B,B,B,B,B,B,B,B,B,B,B,B,B,B,B,B,B,B,B,B,B,B,B,A,A,A,A,A,A,A,A,A,A,A,A,A,A,A,A,A,A,A,A,A,A,A,A,A,A,A,A,A,A,A,A,A,A,A,A,A,A,A,A,A,A,A,A,A,A,A,A,A,A
pg_dbms_lock,pg_dbms_lock,https://pigsty.io/ext/e/pg_dbms_lock,B,B,B,B,B,B,B,B,B,B,B,B,B,B,B,B,B,B,B,B,B,B,B,B,B,B,B,B,B,B,A,A,A,A,A,A,A,A,A,A,A,A,A,A,A,A,A,A,A,A,A,A,A,A,A,A,A,A,A,A,A,A,A,A,A,A,A,A,A,A,A,A,A,A,A,A,A,A,A,A
pg_dbms_job,pg_dbms_job,https://pigsty.io/ext/e/pg_dbms_job,O,O,O,O,O,O,O,O,O,O,B,B,B,B,B,B,B,B,B,B,B,B,B,B,B,B,B,B,B,B,A,A,A,A,A,A,A,A,A,A,A,A,A,A,A,A,A,A,A,A,A,A,A,A,A,A,A,A,A,A,A,A,A,A,A,A,A,A,A,A,A,A,A,A,A,A,A,A,A,A
pg_dbms_errlog,pg_dbms_errlog,https://pigsty.io/ext/e/pg_dbms_errlog,B,B,B,B,B,B,B,B,B,B,B,B,B,B,B,B,B,B,B,B,B,B,B,B,B,B,B,B,B,B,A,A,A,A,A,A,A,A,A,A,A,A,A,A,A,A,A,A,A,A,A,A,A,A,A,A,A,A,A,A,A,A,A,A,A,A,A,A,A,A,A,A,A,A,A,A,A,A,A,A
pg_utl_smtp,pg_utl_smtp,https://pigsty.io/ext/e/pg_utl_smtp,B,B,B,B,B,B,B,B,B,B,B,B,B,B,B,B,B,B,B,B,B,B,B,B,B,B,B,B,B,B,G,G,G,G,G,G,G,G,G,G,G,G,G,G,G,G,G,G,G,G,G,G,G,G,G,G,G,G,G,G,G,G,G,G,G,G,G,G,G,G,G,G,G,G,G,G,G,G,G,G
babelfish,babelfishpg_common,https://pigsty.io/ext/e/babelfishpg_common,P,P,P,P,P,P,P,P,P,P,P,P,P,P,P,P,P,P,P,P,P,P,P,P,P,P,P,P,P,P,P,P,P,P,P,P,P,P,P,P,P,P,P,P,P,P,P,P,P,P,P,P,P,P,P,P,P,P,P,P,P,P,P,P,P,P,P,P,P,P,P,P,P,P,P,P,P,P,P,P
spat,spat,https://pigsty.io/ext/e/spat,.,.,.,G,.,.,.,.,G,.,.,.,.,G,.,.,.,.,G,.,.,.,.,R,.,.,.,.,R,.,.,.,.,G,.,.,.,.,G,.,.,.,.,R,.,.,.,.,R,.,.,.,.,G,.,.,.,.,G,.,.,.,.,G,.,.,.,.,G,.,.,.,.,G,.,.,.,.,G,.
pgmemcache,pgmemcache,https://pigsty.io/ext/e/pgmemcache,B,B,B,B,B,R,R,B,B,B,B,B,B,B,B,B,B,B,B,B,B,B,B,B,B,B,B,B,B,B,B,B,B,B,B,B,B,B,B,B,B,B,B,B,B,B,B,B,B,B,B,B,B,B,B,B,B,B,B,B,B,B,B,B,B,B,B,B,B,B,B,B,B,B,B,B,B,B,B,B
openhalo,aux_mysql,https://pigsty.io/ext/e/aux_mysql,P,P,P,P,P,P,P,P,P,P,P,P,P,P,P,P,P,P,P,P,P,P,P,P,P,P,P,P,P,P,P,P,P,P,P,P,P,P,P,P,P,P,P,P,P,P,P,P,P,P,P,P,P,P,P,P,P,P,P,P,P,P,P,P,P,P,P,P,P,P,P,P,P,P,P,P,P,P,P,P
pglogical,pglogical,https://pigsty.io/ext/e/pglogical,B,B,B,B,B,B,B,B,B,B,B,B,B,B,B,B,B,B,B,B,B,B,B,B,B,B,B,B,B,B,B,B,B,B,B,B,B,B,B,B,B,B,B,B,B,B,B,B,B,B,B,B,B,B,B,B,B,B,B,B,B,B,B,B,B,B,B,B,B,B,B,B,B,B,B,B,B,B,B,B
pglogical_ticker,pglogical_ticker,https://pigsty.io/ext/e/pglogical_ticker,R,R,R,R,G,R,R,R,R,G,R,R,R,R,G,R,R,R,R,G,R,R,R,R,G,R,R,R,R,G,B,B,B,B,G,B,B,B,B,G,B,B,B,B,G,B,B,B,B,G,B,B,B,B,G,B,B,B,B,G,B,B,B,B,G,B,B,B,B,G,G,G,G,G,G,G,G,G,G,G
pgl_ddl_deploy,pgl_ddl_deploy,https://pigsty.io/ext/e/pgl_ddl_deploy,B,B,B,B,.,B,B,B,B,.,B,B,B,B,.,B,B,B,B,.,B,B,B,B,.,B,B,B,B,.,B,B,B,B,.,B,B,B,B,.,B,B,B,B,.,B,B,B,B,.,B,B,B,B,.,B,B,B,B,.,B,B,B,B,.,B,B,B,B,.,R,R,R,R,.,R,R,R,R,.
logical_ddl,logical_ddl,https://pigsty.io/ext/e/logical_ddl,G,G,G,G,G,G,G,G,G,G,G,G,G,G,G,G,G,G,G,G,G,G,G,G,G,G,G,G,G,G,G,G,G,G,G,G,G,G,G,G,G,G,G,G,G,G,G,G,G,G,G,G,G,G,G,G,G,G,G,G,G,G,G,G,G,G,G,G,G,G,G,G,G,G,G,G,G,G,G,G
pg_failover_slots,pg_failover_slots,https://pigsty.io/ext/e/pg_failover_slots,G,G,G,G,G,G,G,G,G,G,G,G,G,G,G,G,G,G,G,G,G,G,G,G,G,G,G,G,G,G,B,B,B,B,B,B,B,B,B,B,B,B,B,B,B,B,B,B,B,B,B,B,B,B,B,B,B,B,B,B,B,B,B,B,B,B,B,B,B,B,B,B,B,B,B,B,B,B,B,B
db_migrator,db_migrator,https://pigsty.io/ext/e/db_migrator,G,G,G,G,G,G,G,G,G,G,G,G,G,G,G,G,G,G,G,G,G,G,G,G,G,G,G,G,G,G,G,G,G,G,G,G,G,G,G,G,G,G,G,G,G,G,G,G,G,G,G,G,G,G,G,G,G,G,G,G,G,G,G,G,G,G,G,G,G,G,G,G,G,G,G,G,G,G,G,G
pgactive,pgactive,https://pigsty.io/ext/e/pgactive,G,G,G,G,G,G,G,G,G,G,G,G,G,G,G,G,G,G,G,G,G,G,G,G,G,G,G,G,G,G,G,G,G,G,G,G,G,G,G,G,G,G,G,G,G,G,G,G,G,G,G,G,G,G,G,G,G,G,G,G,G,G,G,G,G,G,G,G,G,G,G,G,G,G,G,G,G,G,G,G
spock,spock,https://pigsty.io/ext/e/spock,P,P,P,P,P,P,P,P,P,P,P,P,P,P,P,P,P,P,P,P,P,P,P,P,P,P,P,P,P,P,P,P,P,P,P,P,P,P,P,P,P,P,P,P,P,P,P,P,P,P,P,P,P,P,P,P,P,P,P,P,P,P,P,P,P,P,P,P,P,P,P,P,P,P,P,P,P,P,P,P
lolor,lolor,https://pigsty.io/ext/e/lolor,P,P,P,P,P,P,P,P,P,P,P,P,P,P,P,P,P,P,P,P,P,P,P,P,P,P,P,P,P,P,P,P,P,P,P,P,P,P,P,P,P,P,P,P,P,P,P,P,P,P,P,P,P,P,P,P,P,P,P,P,P,P,P,P,P,P,P,P,P,P,P,P,P,P,P,P,P,P,P,P
pgclone,pgclone,https://pigsty.io/ext/e/pgclone,G,G,G,G,G,G,G,G,G,G,G,G,G,G,G,G,G,G,G,G,G,G,G,G,G,G,G,G,G,G,G,G,G,G,G,G,G,G,G,G,G,G,G,G,G,G,G,G,G,G,G,G,G,G,G,G,G,G,G,G,G,G,G,G,G,G,G,G,G,G,G,G,G,G,G,G,G,G,G,G
pgmqtt,pgmqtt,https://pigsty.io/ext/e/pgmqtt,G,G,G,G,G,G,G,G,G,G,G,G,G,G,G,G,G,G,G,G,G,G,G,G,G,G,G,G,G,G,G,G,G,G,G,G,G,G,G,G,G,G,G,G,G,G,G,G,G,G,G,G,G,G,G,G,G,G,G,G,G,G,G,G,G,G,G,G,G,G,G,G,G,G,G,G,G,G,G,G
wal2json,wal2json,https://pigsty.io/ext/e/wal2json,B,B,B,B,B,B,B,B,B,B,B,B,B,B,B,B,B,B,B,B,B,B,B,B,B,B,B,B,B,B,B,B,B,B,B,B,B,B,B,B,B,B,B,B,B,B,B,B,B,B,B,B,B,B,B,B,B,B,B,B,B,B,B,B,B,B,B,B,B,B,B,B,B,B,B,B,B,B,B,B
wal2mongo,wal2mongo,https://pigsty.io/ext/e/wal2mongo,B,B,B,.,.,B,B,B,.,.,B,B,B,.,.,B,B,B,.,.,B,B,B,.,.,B,B,B,.,.,G,G,G,.,.,G,G,G,.,.,G,G,G,.,.,G,G,G,.,.,G,G,G,.,.,G,G,G,.,.,G,G,G,.,.,G,G,G,.,.,G,G,G,.,.,G,G,G,.,.
decoderbufs,decoderbufs,https://pigsty.io/ext/e/decoderbufs,B,B,B,B,B,B,B,B,B,B,B,B,B,B,B,B,B,B,B,B,B,B,B,B,B,B,B,B,B,B,B,B,B,B,B,B,B,B,B,B,B,B,B,B,B,B,B,B,B,B,B,B,B,B,B,B,B,B,B,B,B,B,B,B,B,B,B,B,B,B,B,B,B,B,B,B,B,B,B,B
decoder_raw,decoder_raw,https://pigsty.io/ext/e/decoder_raw,G,G,G,G,G,G,G,G,G,G,G,G,G,G,G,G,G,G,G,G,R,R,R,G,G,R,R,R,G,G,G,G,G,G,G,G,G,G,G,G,R,R,R,G,G,R,R,R,G,G,G,G,G,G,G,G,G,G,G,G,G,G,G,G,G,G,G,G,G,G,G,G,G,G,G,G,G,G,G,G
mimeo,mimeo,https://pigsty.io/ext/e/mimeo,G,G,G,G,G,G,G,G,G,G,G,G,G,G,G,G,G,G,G,G,G,G,G,G,G,G,G,G,G,G,B,B,B,B,B,B,B,B,B,B,B,B,B,B,B,B,B,B,B,B,B,B,B,B,B,B,B,B,B,B,B,B,B,B,B,B,B,B,B,B,B,B,B,B,B,B,B,B,B,B
repmgr,repmgr,https://pigsty.io/ext/e/repmgr,B,B,B,B,B,B,B,B,B,B,B,B,B,B,B,B,B,B,B,B,B,B,B,B,B,B,B,B,B,B,B,B,B,B,B,B,B,B,B,B,B,B,B,B,B,B,B,B,B,B,B,B,B,B,B,B,B,B,B,B,B,B,B,B,B,B,B,B,B,B,B,B,B,B,B,B,B,B,B,B
pg_fact_loader,pg_fact_loader,https://pigsty.io/ext/e/pg_fact_loader,B,B,B,B,B,B,B,B,B,B,B,B,B,B,B,B,B,B,B,B,B,B,B,B,B,B,B,B,B,B,B,B,B,B,R,B,B,B,B,R,B,B,B,B,R,B,B,B,B,R,B,B,B,B,R,B,B,B,B,R,B,B,B,B,R,B,B,B,B,R,R,R,R,R,R,R,R,R,R,R
pg_bulkload,pg_bulkload,https://pigsty.io/ext/e/pg_bulkload,G,G,G,G,G,G,G,G,G,G,G,G,G,G,G,G,G,G,G,G,G,G,G,G,G,G,G,G,G,G,G,G,G,G,G,G,G,G,G,G,G,G,G,G,G,G,G,G,G,G,G,G,G,G,G,G,G,G,G,G,G,G,G,G,G,G,G,G,G,G,G,G,G,G,G,G,G,G,G,G
